0,1,2,3,4,5,6,7,8,9
Bishal Bazar Company Limited Start Date  End Date  Stock Symbol  ACLBSLADBLADBLBADBLD83AHPCAILAKBSLAKBSLPAKJCLAKPLALBSLALICLALICLPAMFIAMFIPOAPIAVUBARUNBBCBFCBFCPOBFLPOBHBLBHBLPOBNLBNTBOKD2079BOKLBOKLPOBPCLBSBLPOBSLBSMCBBLCBBLPOCBLCBLPOCCBLCCBLPOCEFLCEFLPOCFCLCFCLPOCFLCGHCHCLCHDCCHLCITCIZBD86CLBSLCLBSLPCMBCMBFLPCMF1CMF2CORBLCORBLPCZBILCZBILPDDBLDDBLPODHPLEBLEBLCPEBLD2078EBLPOEDBLEDBLPOEICEICPOFBBLPOFHLFMDBLFMDBLPFOWADFOWADPGBBLGBBLPOGBD80/81GBILD86/87GBIMEGBIMEPGBLBSGBLBSPGDBLGDBLPOGFCLGFCLPOGGBSLGHLGICGILBGILBPOGIMES1GLBSLGLHGLICLGLICLPGMFBSGMFILGMFILPGRDBLGRDBLPGRUGUFLGUFLPOGWFD83HAMROHAMROPHATHHATHPOHBLHBLD83HBLPOHBTHDHPCHDLHFLHGIHGIPOHIDCLHPPLHURJAICFCICFCD83ICFCPOIGIIGIPOILBSJBBLJBBLPOJBLBJBNLJBNLPOJFLJFLPOJLIJOSHIJSLBBJSLBBPJSMKBLKBLD86KBLPOKEFKKHCKLBSLKLBSLPKMCDBKMCDBPKNBLKNBLPOKPCLKRBLKRBLPOKSBBLKSBBLD87KSBBLPLBBLLBBLPOLBLLBLD86LBLD88LBLPOLECLEMFLFCLFCPOLGILLGILPOLICNLICNPOLLBSLLBSPOLUKMBLMBLD2085MBLD87MBLPOMDBMDBLPOMDBPOMEGAMEGAPOMENMEROMEROPOMFILMFILPOMFLD85MHNLMKJCMKLBMLBBLMLBBLPMLBLMLBLPOMLBSMLBSLMMFDBMMFDBPMNBBLMNBBLPMPFLMPFLPOMSLBMSLBPMSMBSMSMBSPNABBCNABILNABILPNADEPNADEPPNAGRONBBNBBD2085NBBPONBBUNBF2NBLNBLD82NBLD87NCCBNCCBPONCCD86NEFNFDNFSNFSPONGPLNHDLNHPCNIBNIBD2082NIBD84NIBLPFNIBPONIBSF1NIBSF2NICANICAD 85/86NICAD8182NICAD8283NICAPNICBFNICD83/84NICD88NICGFNICLNICLBSLNICLPONICSFNIDCNIDCPONIFRANILNILPONKUNLBBLNLBBLPNLGNLGPONLICNLICLNLICLPNLICPNLONMBNMB50NMBD2085NMBD87/88NMBEB92/93NMBHF1NMBMFNMBMFPNMBPONMFBSNMFBSPNRICNRNNSEWANSEWAPNSLBNSLBPNSMNSMPONTCNTLNUBLNUBLPONVGNWCODBLODBLPOOHLPBD85PBLD84PBLD86PCBLPCBLPPDBLPOPFLPFLPOPICPICLPICLPOPICPOPLIPLICPLICPOPMHPLPPCLPRFLPOPRINPRINPOPROFLPROFLPPRVUPRVUPOPSDBLPPSFRADHIRBBD83RBCLRBCLPORHPCRHPLRJMRLFLRLFLPORLIRMBFPORMDCRMDCPORMF1RRHPRSDCRSDCPRURUSABSLSADBLSADBLPSAEFSAMAJSAND2085SANIMASAPDBLSAPDBLPSBBLJSBBLJPSBCFSBD87SBISBIBD86SBIPOSBLSBLD2082SBLD83SBLD84SBLPOSBPPSCBSCBPOSDBD87SDESISDLBSLSEFSEOSSFCSFCLSFCLPSFCPOSFFILSFFILPSFMFSGISHBLSHBLPOSHELSHINESHINEPSHIVMSHLSHPCSICSICLSICLPOSICPOSIFCSIFCPOSIGS2SILSILPOSINDUSINDUPSJCLSKBBLSKBBLPSLBBLSLBBLPSLBSSLBSLSLBSPSLCFSLISLICLSLICLPSMATASMATAPSMBSMBPOSMFBSSMFDBSMFDBPSODBLPSPARSSPDLSRBLSRBLD83SRBLPOSRD80SRSSSHLSTCSWBBLSWBBLPSYFLSYFLPOTMDBLTMDBLPTRHUFLUFLPOUICUICPOULIUMHLUMRHUNHPLUNLUPCLUPPERUSLBUSLBPVLBSVLBSPOWOMIWOMIPOYHL |  Total Rows  20 50 200 300 500  |,Bishal Bazar Company Limited Start Date  End Date  Stock Symbol  ACLBSLADBLADBLBADBLD83AHPCAILAKBSLAKBSLPAKJCLAKPLALBSLALICLALICLPAMFIAMFIPOAPIAVUBARUNBBCBFCBFCPOBFLPOBHBLBHBLPOBNLBNTBOKD2079BOKLBOKLPOBPCLBSBLPOBSLBSMCBBLCBBLPOCBLCBLPOCCBLCCBLPOCEFLCEFLPOCFCLCFCLPOCFLCGHCHCLCHDCCHLCITCIZBD86CLBSLCLBSLPCMBCMBFLPCMF1CMF2CORBLCORBLPCZBILCZBILPDDBLDDBLPODHPLEBLEBLCPEBLD2078EBLPOEDBLEDBLPOEICEICPOFBBLPOFHLFMDBLFMDBLPFOWADFOWADPGBBLGBBLPOGBD80/81GBILD86/87GBIMEGBIMEPGBLBSGBLBSPGDBLGDBLPOGFCLGFCLPOGGBSLGHLGICGILBGILBPOGIMES1GLBSLGLHGLICLGLICLPGMFBSGMFILGMFILPGRDBLGRDBLPGRUGUFLGUFLPOGWFD83HAMROHAMROPHATHHATHPOHBLHBLD83HBLPOHBTHDHPCHDLHFLHGIHGIPOHIDCLHPPLHURJAICFCICFCD83ICFCPOIGIIGIPOILBSJBBLJBBLPOJBLBJBNLJBNLPOJFLJFLPOJLIJOSHIJSLBBJSLBBPJSMKBLKBLD86KBLPOKEFKKHCKLBSLKLBSLPKMCDBKMCDBPKNBLKNBLPOKPCLKRBLKRBLPOKSBBLKSBBLD87KSBBLPLBBLLBBLPOLBLLBLD86LBLD88LBLPOLECLEMFLFCLFCPOLGILLGILPOLICNLICNPOLLBSLLBSPOLUKMBLMBLD2085MBLD87MBLPOMDBMDBLPOMDBPOMEGAMEGAPOMENMEROMEROPOMFILMFILPOMFLD85MHNLMKJCMKLBMLBBLMLBBLPMLBLMLBLPOMLBSMLBSLMMFDBMMFDBPMNBBLMNBBLPMPFLMPFLPOMSLBMSLBPMSMBSMSMBSPNABBCNABILNABILPNADEPNADEPPNAGRONBBNBBD2085NBBPONBBUNBF2NBLNBLD82NBLD87NCCBNCCBPONCCD86NEFNFDNFSNFSPONGPLNHDLNHPCNIBNIBD2082NIBD84NIBLPFNIBPONIBSF1NIBSF2NICANICAD 85/86NICAD8182NICAD8283NICAPNICBFNICD83/84NICD88NICGFNICLNICLBSLNICLPONICSFNIDCNIDCPONIFRANILNILPONKUNLBBLNLBBLPNLGNLGPONLICNLICLNLICLPNLICPNLONMBNMB50NMBD2085NMBD87/88NMBEB92/93NMBHF1NMBMFNMBMFPNMBPONMFBSNMFBSPNRICNRNNSEWANSEWAPNSLBNSLBPNSMNSMPONTCNTLNUBLNUBLPONVGNWCODBLODBLPOOHLPBD85PBLD84PBLD86PCBLPCBLPPDBLPOPFLPFLPOPICPICLPICLPOPICPOPLIPLICPLICPOPMHPLPPCLPRFLPOPRINPRINPOPROFLPROFLPPRVUPRVUPOPSDBLPPSFRADHIRBBD83RBCLRBCLPORHPCRHPLRJMRLFLRLFLPORLIRMBFPORMDCRMDCPORMF1RRHPRSDCRSDCPRURUSABSLSADBLSADBLPSAEFSAMAJSAND2085SANIMASAPDBLSAPDBLPSBBLJSBBLJPSBCFSBD87SBISBIBD86SBIPOSBLSBLD2082SBLD83SBLD84SBLPOSBPPSCBSCBPOSDBD87SDESISDLBSLSEFSEOSSFCSFCLSFCLPSFCPOSFFILSFFILPSFMFSGISHBLSHBLPOSHELSHINESHINEPSHIVMSHLSHPCSICSICLSICLPOSICPOSIFCSIFCPOSIGS2SILSILPOSINDUSINDUPSJCLSKBBLSKBBLPSLBBLSLBBLPSLBSSLBSLSLBSPSLCFSLISLICLSLICLPSMATASMATAPSMBSMBPOSMFBSSMFDBSMFDBPSODBLPSPARSSPDLSRBLSRBLD83SRBLPOSRD80SRSSSHLSTCSWBBLSWBBLPSYFLSYFLPOTMDBLTMDBLPTRHUFLUFLPOUICUICPOULIUMHLUMRHUNHPLUNLUPCLUPPERUSLBUSLBPVLBSVLBSPOWOMIWOMIPOYHL |  Total Rows  20 50 200 300 500  |,Bishal Bazar Company Limited Start Date  End Date  Stock Symbol  ACLBSLADBLADBLBADBLD83AHPCAILAKBSLAKBSLPAKJCLAKPLALBSLALICLALICLPAMFIAMFIPOAPIAVUBARUNBBCBFCBFCPOBFLPOBHBLBHBLPOBNLBNTBOKD2079BOKLBOKLPOBPCLBSBLPOBSLBSMCBBLCBBLPOCBLCBLPOCCBLCCBLPOCEFLCEFLPOCFCLCFCLPOCFLCGHCHCLCHDCCHLCITCIZBD86CLBSLCLBSLPCMBCMBFLPCMF1CMF2CORBLCORBLPCZBILCZBILPDDBLDDBLPODHPLEBLEBLCPEBLD2078EBLPOEDBLEDBLPOEICEICPOFBBLPOFHLFMDBLFMDBLPFOWADFOWADPGBBLGBBLPOGBD80/81GBILD86/87GBIMEGBIMEPGBLBSGBLBSPGDBLGDBLPOGFCLGFCLPOGGBSLGHLGICGILBGILBPOGIMES1GLBSLGLHGLICLGLICLPGMFBSGMFILGMFILPGRDBLGRDBLPGRUGUFLGUFLPOGWFD83HAMROHAMROPHATHHATHPOHBLHBLD83HBLPOHBTHDHPCHDLHFLHGIHGIPOHIDCLHPPLHURJAICFCICFCD83ICFCPOIGIIGIPOILBSJBBLJBBLPOJBLBJBNLJBNLPOJFLJFLPOJLIJOSHIJSLBBJSLBBPJSMKBLKBLD86KBLPOKEFKKHCKLBSLKLBSLPKMCDBKMCDBPKNBLKNBLPOKPCLKRBLKRBLPOKSBBLKSBBLD87KSBBLPLBBLLBBLPOLBLLBLD86LBLD88LBLPOLECLEMFLFCLFCPOLGILLGILPOLICNLICNPOLLBSLLBSPOLUKMBLMBLD2085MBLD87MBLPOMDBMDBLPOMDBPOMEGAMEGAPOMENMEROMEROPOMFILMFILPOMFLD85MHNLMKJCMKLBMLBBLMLBBLPMLBLMLBLPOMLBSMLBSLMMFDBMMFDBPMNBBLMNBBLPMPFLMPFLPOMSLBMSLBPMSMBSMSMBSPNABBCNABILNABILPNADEPNADEPPNAGRONBBNBBD2085NBBPONBBUNBF2NBLNBLD82NBLD87NCCBNCCBPONCCD86NEFNFDNFSNFSPONGPLNHDLNHPCNIBNIBD2082NIBD84NIBLPFNIBPONIBSF1NIBSF2NICANICAD 85/86NICAD8182NICAD8283NICAPNICBFNICD83/84NICD88NICGFNICLNICLBSLNICLPONICSFNIDCNIDCPONIFRANILNILPONKUNLBBLNLBBLPNLGNLGPONLICNLICLNLICLPNLICPNLONMBNMB50NMBD2085NMBD87/88NMBEB92/93NMBHF1NMBMFNMBMFPNMBPONMFBSNMFBSPNRICNRNNSEWANSEWAPNSLBNSLBPNSMNSMPONTCNTLNUBLNUBLPONVGNWCODBLODBLPOOHLPBD85PBLD84PBLD86PCBLPCBLPPDBLPOPFLPFLPOPICPICLPICLPOPICPOPLIPLICPLICPOPMHPLPPCLPRFLPOPRINPRINPOPROFLPROFLPPRVUPRVUPOPSDBLPPSFRADHIRBBD83RBCLRBCLPORHPCRHPLRJMRLFLRLFLPORLIRMBFPORMDCRMDCPORMF1RRHPRSDCRSDCPRURUSABSLSADBLSADBLPSAEFSAMAJSAND2085SANIMASAPDBLSAPDBLPSBBLJSBBLJPSBCFSBD87SBISBIBD86SBIPOSBLSBLD2082SBLD83SBLD84SBLPOSBPPSCBSCBPOSDBD87SDESISDLBSLSEFSEOSSFCSFCLSFCLPSFCPOSFFILSFFILPSFMFSGISHBLSHBLPOSHELSHINESHINEPSHIVMSHLSHPCSICSICLSICLPOSICPOSIFCSIFCPOSIGS2SILSILPOSINDUSINDUPSJCLSKBBLSKBBLPSLBBLSLBBLPSLBSSLBSLSLBSPSLCFSLISLICLSLICLPSMATASMATAPSMBSMBPOSMFBSSMFDBSMFDBPSODBLPSPARSSPDLSRBLSRBLD83SRBLPOSRD80SRSSSHLSTCSWBBLSWBBLPSYFLSYFLPOTMDBLTMDBLPTRHUFLUFLPOUICUICPOULIUMHLUMRHUNHPLUNLUPCLUPPERUSLBUSLBPVLBSVLBSPOWOMIWOMIPOYHL |  Total Rows  20 50 200 300 500  |,Bishal Bazar Company Limited Start Date  End Date  Stock Symbol  ACLBSLADBLADBLBADBLD83AHPCAILAKBSLAKBSLPAKJCLAKPLALBSLALICLALICLPAMFIAMFIPOAPIAVUBARUNBBCBFCBFCPOBFLPOBHBLBHBLPOBNLBNTBOKD2079BOKLBOKLPOBPCLBSBLPOBSLBSMCBBLCBBLPOCBLCBLPOCCBLCCBLPOCEFLCEFLPOCFCLCFCLPOCFLCGHCHCLCHDCCHLCITCIZBD86CLBSLCLBSLPCMBCMBFLPCMF1CMF2CORBLCORBLPCZBILCZBILPDDBLDDBLPODHPLEBLEBLCPEBLD2078EBLPOEDBLEDBLPOEICEICPOFBBLPOFHLFMDBLFMDBLPFOWADFOWADPGBBLGBBLPOGBD80/81GBILD86/87GBIMEGBIMEPGBLBSGBLBSPGDBLGDBLPOGFCLGFCLPOGGBSLGHLGICGILBGILBPOGIMES1GLBSLGLHGLICLGLICLPGMFBSGMFILGMFILPGRDBLGRDBLPGRUGUFLGUFLPOGWFD83HAMROHAMROPHATHHATHPOHBLHBLD83HBLPOHBTHDHPCHDLHFLHGIHGIPOHIDCLHPPLHURJAICFCICFCD83ICFCPOIGIIGIPOILBSJBBLJBBLPOJBLBJBNLJBNLPOJFLJFLPOJLIJOSHIJSLBBJSLBBPJSMKBLKBLD86KBLPOKEFKKHCKLBSLKLBSLPKMCDBKMCDBPKNBLKNBLPOKPCLKRBLKRBLPOKSBBLKSBBLD87KSBBLPLBBLLBBLPOLBLLBLD86LBLD88LBLPOLECLEMFLFCLFCPOLGILLGILPOLICNLICNPOLLBSLLBSPOLUKMBLMBLD2085MBLD87MBLPOMDBMDBLPOMDBPOMEGAMEGAPOMENMEROMEROPOMFILMFILPOMFLD85MHNLMKJCMKLBMLBBLMLBBLPMLBLMLBLPOMLBSMLBSLMMFDBMMFDBPMNBBLMNBBLPMPFLMPFLPOMSLBMSLBPMSMBSMSMBSPNABBCNABILNABILPNADEPNADEPPNAGRONBBNBBD2085NBBPONBBUNBF2NBLNBLD82NBLD87NCCBNCCBPONCCD86NEFNFDNFSNFSPONGPLNHDLNHPCNIBNIBD2082NIBD84NIBLPFNIBPONIBSF1NIBSF2NICANICAD 85/86NICAD8182NICAD8283NICAPNICBFNICD83/84NICD88NICGFNICLNICLBSLNICLPONICSFNIDCNIDCPONIFRANILNILPONKUNLBBLNLBBLPNLGNLGPONLICNLICLNLICLPNLICPNLONMBNMB50NMBD2085NMBD87/88NMBEB92/93NMBHF1NMBMFNMBMFPNMBPONMFBSNMFBSPNRICNRNNSEWANSEWAPNSLBNSLBPNSMNSMPONTCNTLNUBLNUBLPONVGNWCODBLODBLPOOHLPBD85PBLD84PBLD86PCBLPCBLPPDBLPOPFLPFLPOPICPICLPICLPOPICPOPLIPLICPLICPOPMHPLPPCLPRFLPOPRINPRINPOPROFLPROFLPPRVUPRVUPOPSDBLPPSFRADHIRBBD83RBCLRBCLPORHPCRHPLRJMRLFLRLFLPORLIRMBFPORMDCRMDCPORMF1RRHPRSDCRSDCPRURUSABSLSADBLSADBLPSAEFSAMAJSAND2085SANIMASAPDBLSAPDBLPSBBLJSBBLJPSBCFSBD87SBISBIBD86SBIPOSBLSBLD2082SBLD83SBLD84SBLPOSBPPSCBSCBPOSDBD87SDESISDLBSLSEFSEOSSFCSFCLSFCLPSFCPOSFFILSFFILPSFMFSGISHBLSHBLPOSHELSHINESHINEPSHIVMSHLSHPCSICSICLSICLPOSICPOSIFCSIFCPOSIGS2SILSILPOSINDUSINDUPSJCLSKBBLSKBBLPSLBBLSLBBLPSLBSSLBSLSLBSPSLCFSLISLICLSLICLPSMATASMATAPSMBSMBPOSMFBSSMFDBSMFDBPSODBLPSPARSSPDLSRBLSRBLD83SRBLPOSRD80SRSSSHLSTCSWBBLSWBBLPSYFLSYFLPOTMDBLTMDBLPTRHUFLUFLPOUICUICPOULIUMHLUMRHUNHPLUNLUPCLUPPERUSLBUSLBPVLBSVLBSPOWOMIWOMIPOYHL |  Total Rows  20 50 200 300 500  |,Bishal Bazar Company Limited Start Date  End Date  Stock Symbol  ACLBSLADBLADBLBADBLD83AHPCAILAKBSLAKBSLPAKJCLAKPLALBSLALICLALICLPAMFIAMFIPOAPIAVUBARUNBBCBFCBFCPOBFLPOBHBLBHBLPOBNLBNTBOKD2079BOKLBOKLPOBPCLBSBLPOBSLBSMCBBLCBBLPOCBLCBLPOCCBLCCBLPOCEFLCEFLPOCFCLCFCLPOCFLCGHCHCLCHDCCHLCITCIZBD86CLBSLCLBSLPCMBCMBFLPCMF1CMF2CORBLCORBLPCZBILCZBILPDDBLDDBLPODHPLEBLEBLCPEBLD2078EBLPOEDBLEDBLPOEICEICPOFBBLPOFHLFMDBLFMDBLPFOWADFOWADPGBBLGBBLPOGBD80/81GBILD86/87GBIMEGBIMEPGBLBSGBLBSPGDBLGDBLPOGFCLGFCLPOGGBSLGHLGICGILBGILBPOGIMES1GLBSLGLHGLICLGLICLPGMFBSGMFILGMFILPGRDBLGRDBLPGRUGUFLGUFLPOGWFD83HAMROHAMROPHATHHATHPOHBLHBLD83HBLPOHBTHDHPCHDLHFLHGIHGIPOHIDCLHPPLHURJAICFCICFCD83ICFCPOIGIIGIPOILBSJBBLJBBLPOJBLBJBNLJBNLPOJFLJFLPOJLIJOSHIJSLBBJSLBBPJSMKBLKBLD86KBLPOKEFKKHCKLBSLKLBSLPKMCDBKMCDBPKNBLKNBLPOKPCLKRBLKRBLPOKSBBLKSBBLD87KSBBLPLBBLLBBLPOLBLLBLD86LBLD88LBLPOLECLEMFLFCLFCPOLGILLGILPOLICNLICNPOLLBSLLBSPOLUKMBLMBLD2085MBLD87MBLPOMDBMDBLPOMDBPOMEGAMEGAPOMENMEROMEROPOMFILMFILPOMFLD85MHNLMKJCMKLBMLBBLMLBBLPMLBLMLBLPOMLBSMLBSLMMFDBMMFDBPMNBBLMNBBLPMPFLMPFLPOMSLBMSLBPMSMBSMSMBSPNABBCNABILNABILPNADEPNADEPPNAGRONBBNBBD2085NBBPONBBUNBF2NBLNBLD82NBLD87NCCBNCCBPONCCD86NEFNFDNFSNFSPONGPLNHDLNHPCNIBNIBD2082NIBD84NIBLPFNIBPONIBSF1NIBSF2NICANICAD 85/86NICAD8182NICAD8283NICAPNICBFNICD83/84NICD88NICGFNICLNICLBSLNICLPONICSFNIDCNIDCPONIFRANILNILPONKUNLBBLNLBBLPNLGNLGPONLICNLICLNLICLPNLICPNLONMBNMB50NMBD2085NMBD87/88NMBEB92/93NMBHF1NMBMFNMBMFPNMBPONMFBSNMFBSPNRICNRNNSEWANSEWAPNSLBNSLBPNSMNSMPONTCNTLNUBLNUBLPONVGNWCODBLODBLPOOHLPBD85PBLD84PBLD86PCBLPCBLPPDBLPOPFLPFLPOPICPICLPICLPOPICPOPLIPLICPLICPOPMHPLPPCLPRFLPOPRINPRINPOPROFLPROFLPPRVUPRVUPOPSDBLPPSFRADHIRBBD83RBCLRBCLPORHPCRHPLRJMRLFLRLFLPORLIRMBFPORMDCRMDCPORMF1RRHPRSDCRSDCPRURUSABSLSADBLSADBLPSAEFSAMAJSAND2085SANIMASAPDBLSAPDBLPSBBLJSBBLJPSBCFSBD87SBISBIBD86SBIPOSBLSBLD2082SBLD83SBLD84SBLPOSBPPSCBSCBPOSDBD87SDESISDLBSLSEFSEOSSFCSFCLSFCLPSFCPOSFFILSFFILPSFMFSGISHBLSHBLPOSHELSHINESHINEPSHIVMSHLSHPCSICSICLSICLPOSICPOSIFCSIFCPOSIGS2SILSILPOSINDUSINDUPSJCLSKBBLSKBBLPSLBBLSLBBLPSLBSSLBSLSLBSPSLCFSLISLICLSLICLPSMATASMATAPSMBSMBPOSMFBSSMFDBSMFDBPSODBLPSPARSSPDLSRBLSRBLD83SRBLPOSRD80SRSSSHLSTCSWBBLSWBBLPSYFLSYFLPOTMDBLTMDBLPTRHUFLUFLPOUICUICPOULIUMHLUMRHUNHPLUNLUPCLUPPERUSLBUSLBPVLBSVLBSPOWOMIWOMIPOYHL |  Total Rows  20 50 200 300 500  |,Bishal Bazar Company Limited Start Date  End Date  Stock Symbol  ACLBSLADBLADBLBADBLD83AHPCAILAKBSLAKBSLPAKJCLAKPLALBSLALICLALICLPAMFIAMFIPOAPIAVUBARUNBBCBFCBFCPOBFLPOBHBLBHBLPOBNLBNTBOKD2079BOKLBOKLPOBPCLBSBLPOBSLBSMCBBLCBBLPOCBLCBLPOCCBLCCBLPOCEFLCEFLPOCFCLCFCLPOCFLCGHCHCLCHDCCHLCITCIZBD86CLBSLCLBSLPCMBCMBFLPCMF1CMF2CORBLCORBLPCZBILCZBILPDDBLDDBLPODHPLEBLEBLCPEBLD2078EBLPOEDBLEDBLPOEICEICPOFBBLPOFHLFMDBLFMDBLPFOWADFOWADPGBBLGBBLPOGBD80/81GBILD86/87GBIMEGBIMEPGBLBSGBLBSPGDBLGDBLPOGFCLGFCLPOGGBSLGHLGICGILBGILBPOGIMES1GLBSLGLHGLICLGLICLPGMFBSGMFILGMFILPGRDBLGRDBLPGRUGUFLGUFLPOGWFD83HAMROHAMROPHATHHATHPOHBLHBLD83HBLPOHBTHDHPCHDLHFLHGIHGIPOHIDCLHPPLHURJAICFCICFCD83ICFCPOIGIIGIPOILBSJBBLJBBLPOJBLBJBNLJBNLPOJFLJFLPOJLIJOSHIJSLBBJSLBBPJSMKBLKBLD86KBLPOKEFKKHCKLBSLKLBSLPKMCDBKMCDBPKNBLKNBLPOKPCLKRBLKRBLPOKSBBLKSBBLD87KSBBLPLBBLLBBLPOLBLLBLD86LBLD88LBLPOLECLEMFLFCLFCPOLGILLGILPOLICNLICNPOLLBSLLBSPOLUKMBLMBLD2085MBLD87MBLPOMDBMDBLPOMDBPOMEGAMEGAPOMENMEROMEROPOMFILMFILPOMFLD85MHNLMKJCMKLBMLBBLMLBBLPMLBLMLBLPOMLBSMLBSLMMFDBMMFDBPMNBBLMNBBLPMPFLMPFLPOMSLBMSLBPMSMBSMSMBSPNABBCNABILNABILPNADEPNADEPPNAGRONBBNBBD2085NBBPONBBUNBF2NBLNBLD82NBLD87NCCBNCCBPONCCD86NEFNFDNFSNFSPONGPLNHDLNHPCNIBNIBD2082NIBD84NIBLPFNIBPONIBSF1NIBSF2NICANICAD 85/86NICAD8182NICAD8283NICAPNICBFNICD83/84NICD88NICGFNICLNICLBSLNICLPONICSFNIDCNIDCPONIFRANILNILPONKUNLBBLNLBBLPNLGNLGPONLICNLICLNLICLPNLICPNLONMBNMB50NMBD2085NMBD87/88NMBEB92/93NMBHF1NMBMFNMBMFPNMBPONMFBSNMFBSPNRICNRNNSEWANSEWAPNSLBNSLBPNSMNSMPONTCNTLNUBLNUBLPONVGNWCODBLODBLPOOHLPBD85PBLD84PBLD86PCBLPCBLPPDBLPOPFLPFLPOPICPICLPICLPOPICPOPLIPLICPLICPOPMHPLPPCLPRFLPOPRINPRINPOPROFLPROFLPPRVUPRVUPOPSDBLPPSFRADHIRBBD83RBCLRBCLPORHPCRHPLRJMRLFLRLFLPORLIRMBFPORMDCRMDCPORMF1RRHPRSDCRSDCPRURUSABSLSADBLSADBLPSAEFSAMAJSAND2085SANIMASAPDBLSAPDBLPSBBLJSBBLJPSBCFSBD87SBISBIBD86SBIPOSBLSBLD2082SBLD83SBLD84SBLPOSBPPSCBSCBPOSDBD87SDESISDLBSLSEFSEOSSFCSFCLSFCLPSFCPOSFFILSFFILPSFMFSGISHBLSHBLPOSHELSHINESHINEPSHIVMSHLSHPCSICSICLSICLPOSICPOSIFCSIFCPOSIGS2SILSILPOSINDUSINDUPSJCLSKBBLSKBBLPSLBBLSLBBLPSLBSSLBSLSLBSPSLCFSLISLICLSLICLPSMATASMATAPSMBSMBPOSMFBSSMFDBSMFDBPSODBLPSPARSSPDLSRBLSRBLD83SRBLPOSRD80SRSSSHLSTCSWBBLSWBBLPSYFLSYFLPOTMDBLTMDBLPTRHUFLUFLPOUICUICPOULIUMHLUMRHUNHPLUNLUPCLUPPERUSLBUSLBPVLBSVLBSPOWOMIWOMIPOYHL |  Total Rows  20 50 200 300 500  |,Bishal Bazar Company Limited Start Date  End Date  Stock Symbol  ACLBSLADBLADBLBADBLD83AHPCAILAKBSLAKBSLPAKJCLAKPLALBSLALICLALICLPAMFIAMFIPOAPIAVUBARUNBBCBFCBFCPOBFLPOBHBLBHBLPOBNLBNTBOKD2079BOKLBOKLPOBPCLBSBLPOBSLBSMCBBLCBBLPOCBLCBLPOCCBLCCBLPOCEFLCEFLPOCFCLCFCLPOCFLCGHCHCLCHDCCHLCITCIZBD86CLBSLCLBSLPCMBCMBFLPCMF1CMF2CORBLCORBLPCZBILCZBILPDDBLDDBLPODHPLEBLEBLCPEBLD2078EBLPOEDBLEDBLPOEICEICPOFBBLPOFHLFMDBLFMDBLPFOWADFOWADPGBBLGBBLPOGBD80/81GBILD86/87GBIMEGBIMEPGBLBSGBLBSPGDBLGDBLPOGFCLGFCLPOGGBSLGHLGICGILBGILBPOGIMES1GLBSLGLHGLICLGLICLPGMFBSGMFILGMFILPGRDBLGRDBLPGRUGUFLGUFLPOGWFD83HAMROHAMROPHATHHATHPOHBLHBLD83HBLPOHBTHDHPCHDLHFLHGIHGIPOHIDCLHPPLHURJAICFCICFCD83ICFCPOIGIIGIPOILBSJBBLJBBLPOJBLBJBNLJBNLPOJFLJFLPOJLIJOSHIJSLBBJSLBBPJSMKBLKBLD86KBLPOKEFKKHCKLBSLKLBSLPKMCDBKMCDBPKNBLKNBLPOKPCLKRBLKRBLPOKSBBLKSBBLD87KSBBLPLBBLLBBLPOLBLLBLD86LBLD88LBLPOLECLEMFLFCLFCPOLGILLGILPOLICNLICNPOLLBSLLBSPOLUKMBLMBLD2085MBLD87MBLPOMDBMDBLPOMDBPOMEGAMEGAPOMENMEROMEROPOMFILMFILPOMFLD85MHNLMKJCMKLBMLBBLMLBBLPMLBLMLBLPOMLBSMLBSLMMFDBMMFDBPMNBBLMNBBLPMPFLMPFLPOMSLBMSLBPMSMBSMSMBSPNABBCNABILNABILPNADEPNADEPPNAGRONBBNBBD2085NBBPONBBUNBF2NBLNBLD82NBLD87NCCBNCCBPONCCD86NEFNFDNFSNFSPONGPLNHDLNHPCNIBNIBD2082NIBD84NIBLPFNIBPONIBSF1NIBSF2NICANICAD 85/86NICAD8182NICAD8283NICAPNICBFNICD83/84NICD88NICGFNICLNICLBSLNICLPONICSFNIDCNIDCPONIFRANILNILPONKUNLBBLNLBBLPNLGNLGPONLICNLICLNLICLPNLICPNLONMBNMB50NMBD2085NMBD87/88NMBEB92/93NMBHF1NMBMFNMBMFPNMBPONMFBSNMFBSPNRICNRNNSEWANSEWAPNSLBNSLBPNSMNSMPONTCNTLNUBLNUBLPONVGNWCODBLODBLPOOHLPBD85PBLD84PBLD86PCBLPCBLPPDBLPOPFLPFLPOPICPICLPICLPOPICPOPLIPLICPLICPOPMHPLPPCLPRFLPOPRINPRINPOPROFLPROFLPPRVUPRVUPOPSDBLPPSFRADHIRBBD83RBCLRBCLPORHPCRHPLRJMRLFLRLFLPORLIRMBFPORMDCRMDCPORMF1RRHPRSDCRSDCPRURUSABSLSADBLSADBLPSAEFSAMAJSAND2085SANIMASAPDBLSAPDBLPSBBLJSBBLJPSBCFSBD87SBISBIBD86SBIPOSBLSBLD2082SBLD83SBLD84SBLPOSBPPSCBSCBPOSDBD87SDESISDLBSLSEFSEOSSFCSFCLSFCLPSFCPOSFFILSFFILPSFMFSGISHBLSHBLPOSHELSHINESHINEPSHIVMSHLSHPCSICSICLSICLPOSICPOSIFCSIFCPOSIGS2SILSILPOSINDUSINDUPSJCLSKBBLSKBBLPSLBBLSLBBLPSLBSSLBSLSLBSPSLCFSLISLICLSLICLPSMATASMATAPSMBSMBPOSMFBSSMFDBSMFDBPSODBLPSPARSSPDLSRBLSRBLD83SRBLPOSRD80SRSSSHLSTCSWBBLSWBBLPSYFLSYFLPOTMDBLTMDBLPTRHUFLUFLPOUICUICPOULIUMHLUMRHUNHPLUNLUPCLUPPERUSLBUSLBPVLBSVLBSPOWOMIWOMIPOYHL |  Total Rows  20 50 200 300 500  |,Bishal Bazar Company Limited Start Date  End Date  Stock Symbol  ACLBSLADBLADBLBADBLD83AHPCAILAKBSLAKBSLPAKJCLAKPLALBSLALICLALICLPAMFIAMFIPOAPIAVUBARUNBBCBFCBFCPOBFLPOBHBLBHBLPOBNLBNTBOKD2079BOKLBOKLPOBPCLBSBLPOBSLBSMCBBLCBBLPOCBLCBLPOCCBLCCBLPOCEFLCEFLPOCFCLCFCLPOCFLCGHCHCLCHDCCHLCITCIZBD86CLBSLCLBSLPCMBCMBFLPCMF1CMF2CORBLCORBLPCZBILCZBILPDDBLDDBLPODHPLEBLEBLCPEBLD2078EBLPOEDBLEDBLPOEICEICPOFBBLPOFHLFMDBLFMDBLPFOWADFOWADPGBBLGBBLPOGBD80/81GBILD86/87GBIMEGBIMEPGBLBSGBLBSPGDBLGDBLPOGFCLGFCLPOGGBSLGHLGICGILBGILBPOGIMES1GLBSLGLHGLICLGLICLPGMFBSGMFILGMFILPGRDBLGRDBLPGRUGUFLGUFLPOGWFD83HAMROHAMROPHATHHATHPOHBLHBLD83HBLPOHBTHDHPCHDLHFLHGIHGIPOHIDCLHPPLHURJAICFCICFCD83ICFCPOIGIIGIPOILBSJBBLJBBLPOJBLBJBNLJBNLPOJFLJFLPOJLIJOSHIJSLBBJSLBBPJSMKBLKBLD86KBLPOKEFKKHCKLBSLKLBSLPKMCDBKMCDBPKNBLKNBLPOKPCLKRBLKRBLPOKSBBLKSBBLD87KSBBLPLBBLLBBLPOLBLLBLD86LBLD88LBLPOLECLEMFLFCLFCPOLGILLGILPOLICNLICNPOLLBSLLBSPOLUKMBLMBLD2085MBLD87MBLPOMDBMDBLPOMDBPOMEGAMEGAPOMENMEROMEROPOMFILMFILPOMFLD85MHNLMKJCMKLBMLBBLMLBBLPMLBLMLBLPOMLBSMLBSLMMFDBMMFDBPMNBBLMNBBLPMPFLMPFLPOMSLBMSLBPMSMBSMSMBSPNABBCNABILNABILPNADEPNADEPPNAGRONBBNBBD2085NBBPONBBUNBF2NBLNBLD82NBLD87NCCBNCCBPONCCD86NEFNFDNFSNFSPONGPLNHDLNHPCNIBNIBD2082NIBD84NIBLPFNIBPONIBSF1NIBSF2NICANICAD 85/86NICAD8182NICAD8283NICAPNICBFNICD83/84NICD88NICGFNICLNICLBSLNICLPONICSFNIDCNIDCPONIFRANILNILPONKUNLBBLNLBBLPNLGNLGPONLICNLICLNLICLPNLICPNLONMBNMB50NMBD2085NMBD87/88NMBEB92/93NMBHF1NMBMFNMBMFPNMBPONMFBSNMFBSPNRICNRNNSEWANSEWAPNSLBNSLBPNSMNSMPONTCNTLNUBLNUBLPONVGNWCODBLODBLPOOHLPBD85PBLD84PBLD86PCBLPCBLPPDBLPOPFLPFLPOPICPICLPICLPOPICPOPLIPLICPLICPOPMHPLPPCLPRFLPOPRINPRINPOPROFLPROFLPPRVUPRVUPOPSDBLPPSFRADHIRBBD83RBCLRBCLPORHPCRHPLRJMRLFLRLFLPORLIRMBFPORMDCRMDCPORMF1RRHPRSDCRSDCPRURUSABSLSADBLSADBLPSAEFSAMAJSAND2085SANIMASAPDBLSAPDBLPSBBLJSBBLJPSBCFSBD87SBISBIBD86SBIPOSBLSBLD2082SBLD83SBLD84SBLPOSBPPSCBSCBPOSDBD87SDESISDLBSLSEFSEOSSFCSFCLSFCLPSFCPOSFFILSFFILPSFMFSGISHBLSHBLPOSHELSHINESHINEPSHIVMSHLSHPCSICSICLSICLPOSICPOSIFCSIFCPOSIGS2SILSILPOSINDUSINDUPSJCLSKBBLSKBBLPSLBBLSLBBLPSLBSSLBSLSLBSPSLCFSLISLICLSLICLPSMATASMATAPSMBSMBPOSMFBSSMFDBSMFDBPSODBLPSPARSSPDLSRBLSRBLD83SRBLPOSRD80SRSSSHLSTCSWBBLSWBBLPSYFLSYFLPOTMDBLTMDBLPTRHUFLUFLPOUICUICPOULIUMHLUMRHUNHPLUNLUPCLUPPERUSLBUSLBPVLBSVLBSPOWOMIWOMIPOYHL |  Total Rows  20 50 200 300 500  |,Bishal Bazar Company Limited Start Date  End Date  Stock Symbol  ACLBSLADBLADBLBADBLD83AHPCAILAKBSLAKBSLPAKJCLAKPLALBSLALICLALICLPAMFIAMFIPOAPIAVUBARUNBBCBFCBFCPOBFLPOBHBLBHBLPOBNLBNTBOKD2079BOKLBOKLPOBPCLBSBLPOBSLBSMCBBLCBBLPOCBLCBLPOCCBLCCBLPOCEFLCEFLPOCFCLCFCLPOCFLCGHCHCLCHDCCHLCITCIZBD86CLBSLCLBSLPCMBCMBFLPCMF1CMF2CORBLCORBLPCZBILCZBILPDDBLDDBLPODHPLEBLEBLCPEBLD2078EBLPOEDBLEDBLPOEICEICPOFBBLPOFHLFMDBLFMDBLPFOWADFOWADPGBBLGBBLPOGBD80/81GBILD86/87GBIMEGBIMEPGBLBSGBLBSPGDBLGDBLPOGFCLGFCLPOGGBSLGHLGICGILBGILBPOGIMES1GLBSLGLHGLICLGLICLPGMFBSGMFILGMFILPGRDBLGRDBLPGRUGUFLGUFLPOGWFD83HAMROHAMROPHATHHATHPOHBLHBLD83HBLPOHBTHDHPCHDLHFLHGIHGIPOHIDCLHPPLHURJAICFCICFCD83ICFCPOIGIIGIPOILBSJBBLJBBLPOJBLBJBNLJBNLPOJFLJFLPOJLIJOSHIJSLBBJSLBBPJSMKBLKBLD86KBLPOKEFKKHCKLBSLKLBSLPKMCDBKMCDBPKNBLKNBLPOKPCLKRBLKRBLPOKSBBLKSBBLD87KSBBLPLBBLLBBLPOLBLLBLD86LBLD88LBLPOLECLEMFLFCLFCPOLGILLGILPOLICNLICNPOLLBSLLBSPOLUKMBLMBLD2085MBLD87MBLPOMDBMDBLPOMDBPOMEGAMEGAPOMENMEROMEROPOMFILMFILPOMFLD85MHNLMKJCMKLBMLBBLMLBBLPMLBLMLBLPOMLBSMLBSLMMFDBMMFDBPMNBBLMNBBLPMPFLMPFLPOMSLBMSLBPMSMBSMSMBSPNABBCNABILNABILPNADEPNADEPPNAGRONBBNBBD2085NBBPONBBUNBF2NBLNBLD82NBLD87NCCBNCCBPONCCD86NEFNFDNFSNFSPONGPLNHDLNHPCNIBNIBD2082NIBD84NIBLPFNIBPONIBSF1NIBSF2NICANICAD 85/86NICAD8182NICAD8283NICAPNICBFNICD83/84NICD88NICGFNICLNICLBSLNICLPONICSFNIDCNIDCPONIFRANILNILPONKUNLBBLNLBBLPNLGNLGPONLICNLICLNLICLPNLICPNLONMBNMB50NMBD2085NMBD87/88NMBEB92/93NMBHF1NMBMFNMBMFPNMBPONMFBSNMFBSPNRICNRNNSEWANSEWAPNSLBNSLBPNSMNSMPONTCNTLNUBLNUBLPONVGNWCODBLODBLPOOHLPBD85PBLD84PBLD86PCBLPCBLPPDBLPOPFLPFLPOPICPICLPICLPOPICPOPLIPLICPLICPOPMHPLPPCLPRFLPOPRINPRINPOPROFLPROFLPPRVUPRVUPOPSDBLPPSFRADHIRBBD83RBCLRBCLPORHPCRHPLRJMRLFLRLFLPORLIRMBFPORMDCRMDCPORMF1RRHPRSDCRSDCPRURUSABSLSADBLSADBLPSAEFSAMAJSAND2085SANIMASAPDBLSAPDBLPSBBLJSBBLJPSBCFSBD87SBISBIBD86SBIPOSBLSBLD2082SBLD83SBLD84SBLPOSBPPSCBSCBPOSDBD87SDESISDLBSLSEFSEOSSFCSFCLSFCLPSFCPOSFFILSFFILPSFMFSGISHBLSHBLPOSHELSHINESHINEPSHIVMSHLSHPCSICSICLSICLPOSICPOSIFCSIFCPOSIGS2SILSILPOSINDUSINDUPSJCLSKBBLSKBBLPSLBBLSLBBLPSLBSSLBSLSLBSPSLCFSLISLICLSLICLPSMATASMATAPSMBSMBPOSMFBSSMFDBSMFDBPSODBLPSPARSSPDLSRBLSRBLD83SRBLPOSRD80SRSSSHLSTCSWBBLSWBBLPSYFLSYFLPOTMDBLTMDBLPTRHUFLUFLPOUICUICPOULIUMHLUMRHUNHPLUNLUPCLUPPERUSLBUSLBPVLBSVLBSPOWOMIWOMIPOYHL |  Total Rows  20 50 200 300 500  |,Bishal Bazar Company Limited Start Date  End Date  Stock Symbol  ACLBSLADBLADBLBADBLD83AHPCAILAKBSLAKBSLPAKJCLAKPLALBSLALICLALICLPAMFIAMFIPOAPIAVUBARUNBBCBFCBFCPOBFLPOBHBLBHBLPOBNLBNTBOKD2079BOKLBOKLPOBPCLBSBLPOBSLBSMCBBLCBBLPOCBLCBLPOCCBLCCBLPOCEFLCEFLPOCFCLCFCLPOCFLCGHCHCLCHDCCHLCITCIZBD86CLBSLCLBSLPCMBCMBFLPCMF1CMF2CORBLCORBLPCZBILCZBILPDDBLDDBLPODHPLEBLEBLCPEBLD2078EBLPOEDBLEDBLPOEICEICPOFBBLPOFHLFMDBLFMDBLPFOWADFOWADPGBBLGBBLPOGBD80/81GBILD86/87GBIMEGBIMEPGBLBSGBLBSPGDBLGDBLPOGFCLGFCLPOGGBSLGHLGICGILBGILBPOGIMES1GLBSLGLHGLICLGLICLPGMFBSGMFILGMFILPGRDBLGRDBLPGRUGUFLGUFLPOGWFD83HAMROHAMROPHATHHATHPOHBLHBLD83HBLPOHBTHDHPCHDLHFLHGIHGIPOHIDCLHPPLHURJAICFCICFCD83ICFCPOIGIIGIPOILBSJBBLJBBLPOJBLBJBNLJBNLPOJFLJFLPOJLIJOSHIJSLBBJSLBBPJSMKBLKBLD86KBLPOKEFKKHCKLBSLKLBSLPKMCDBKMCDBPKNBLKNBLPOKPCLKRBLKRBLPOKSBBLKSBBLD87KSBBLPLBBLLBBLPOLBLLBLD86LBLD88LBLPOLECLEMFLFCLFCPOLGILLGILPOLICNLICNPOLLBSLLBSPOLUKMBLMBLD2085MBLD87MBLPOMDBMDBLPOMDBPOMEGAMEGAPOMENMEROMEROPOMFILMFILPOMFLD85MHNLMKJCMKLBMLBBLMLBBLPMLBLMLBLPOMLBSMLBSLMMFDBMMFDBPMNBBLMNBBLPMPFLMPFLPOMSLBMSLBPMSMBSMSMBSPNABBCNABILNABILPNADEPNADEPPNAGRONBBNBBD2085NBBPONBBUNBF2NBLNBLD82NBLD87NCCBNCCBPONCCD86NEFNFDNFSNFSPONGPLNHDLNHPCNIBNIBD2082NIBD84NIBLPFNIBPONIBSF1NIBSF2NICANICAD 85/86NICAD8182NICAD8283NICAPNICBFNICD83/84NICD88NICGFNICLNICLBSLNICLPONICSFNIDCNIDCPONIFRANILNILPONKUNLBBLNLBBLPNLGNLGPONLICNLICLNLICLPNLICPNLONMBNMB50NMBD2085NMBD87/88NMBEB92/93NMBHF1NMBMFNMBMFPNMBPONMFBSNMFBSPNRICNRNNSEWANSEWAPNSLBNSLBPNSMNSMPONTCNTLNUBLNUBLPONVGNWCODBLODBLPOOHLPBD85PBLD84PBLD86PCBLPCBLPPDBLPOPFLPFLPOPICPICLPICLPOPICPOPLIPLICPLICPOPMHPLPPCLPRFLPOPRINPRINPOPROFLPROFLPPRVUPRVUPOPSDBLPPSFRADHIRBBD83RBCLRBCLPORHPCRHPLRJMRLFLRLFLPORLIRMBFPORMDCRMDCPORMF1RRHPRSDCRSDCPRURUSABSLSADBLSADBLPSAEFSAMAJSAND2085SANIMASAPDBLSAPDBLPSBBLJSBBLJPSBCFSBD87SBISBIBD86SBIPOSBLSBLD2082SBLD83SBLD84SBLPOSBPPSCBSCBPOSDBD87SDESISDLBSLSEFSEOSSFCSFCLSFCLPSFCPOSFFILSFFILPSFMFSGISHBLSHBLPOSHELSHINESHINEPSHIVMSHLSHPCSICSICLSICLPOSICPOSIFCSIFCPOSIGS2SILSILPOSINDUSINDUPSJCLSKBBLSKBBLPSLBBLSLBBLPSLBSSLBSLSLBSPSLCFSLISLICLSLICLPSMATASMATAPSMBSMBPOSMFBSSMFDBSMFDBPSODBLPSPARSSPDLSRBLSRBLD83SRBLPOSRD80SRSSSHLSTCSWBBLSWBBLPSYFLSYFLPOTMDBLTMDBLPTRHUFLUFLPOUICUICPOULIUMHLUMRHUNHPLUNLUPCLUPPERUSLBUSLBPVLBSVLBSPOWOMIWOMIPOYHL |  Total Rows  20 50 200 300 500  |
S.N.,Date,Total Transactions,Total Traded Shares,Total Traded Amount,Max. Price,Min. Price,Close Price,,
1,2021-09-28,40,620.00,3208095.00,5340.00,5135.20,5140.00,,
2,2021-09-27,31,1071.00,5577937.00,5300.00,5200.00,5240.00,,
3,2021-09-26,54,951.00,5126022.00,5662.00,5285.00,5300.00,,
4,2021-09-23,34,609.00,3494541.00,5895.00,5551.00,5551.00,,
5,2021-09-22,43,762.00,4294287.00,5795.00,5460.00,5750.00,,
6,2021-09-21,73,1137.00,5886662.00,5514.00,4865.00,5357.00,,
7,2021-09-20,77,1073.00,5858851.00,5650.00,5380.00,5405.00,,
8,2021-09-16,81,1442.00,8286728.00,5910.00,5650.00,5701.00,,
9,2021-09-15,30,544.00,3188412.00,5956.00,5833.00,5833.00,,
10,2021-09-14,16,213.00,1276948.00,6059.00,5950.00,5956.00,,
11,2021-09-13,23,453.00,2716334.00,6100.00,5950.00,5950.00,,
12,2021-09-12,44,891.00,5319039.00,6138.00,5875.00,5950.00,,
13,2021-09-09,107,3235.00,18652740.60,5975.00,5627.20,5900.00,,
14,2021-09-08,51,721.00,4224966.00,6050.00,5750.00,5760.00,,
15,2021-09-07,38,590.00,3549702.00,6200.00,5765.40,5950.00,,
16,2021-09-06,49,757.00,4611639.00,6270.00,5831.00,6125.00,,
17,2021-09-05,89,1423.00,8325870.00,6050.00,5700.00,5800.00,,
18,2021-09-02,70,1039.00,6479448.00,6393.00,6050.10,6150.00,,
19,2021-09-01,39,972.00,6014147.00,6280.00,6160.00,6161.20,,
20,2021-08-31,42,694.00,4300773.00,6300.00,6170.00,6170.00,,
21,2021-08-29,44,870.00,5565778.00,6540.00,6300.00,6300.00,,
22,2021-08-26,54,793.00,5080150.00,6579.00,6325.00,6450.00,,
23,2021-08-25,83,1437.00,9112947.00,6467.00,6300.00,6327.00,,
24,2021-08-24,78,1449.00,9470117.00,6630.00,6466.00,6467.00,,
25,2021-08-19,63,1376.00,9278997.00,6890.00,6680.00,6680.00,,
26,2021-08-18,57,930.00,6397489.50,6990.00,6771.00,6771.00,,
27,2021-08-17,75,1387.00,9604199.50,7134.90,6860.00,6900.00,,
28,2021-08-16,281,5197.00,36610126.50,7210.00,6795.00,6995.00,,
29,2021-08-15,100,1762.00,11791400.00,6795.00,6550.00,6795.00,,
30,2021-08-12,41,801.00,5341453.20,6752.40,6630.00,6630.00,,
31,2021-08-11,39,652.00,4337705.00,6770.00,6600.00,6620.00,,
32,2021-08-10,43,810.00,5470534.00,6850.00,6700.00,6700.00,,
33,2021-08-09,72,1194.00,7954597.00,6785.00,6500.00,6750.00,,
34,2021-08-08,78,1280.00,8495135.00,6800.00,6566.70,6570.00,,
35,2021-08-05,125,2148.00,14460955.40,6950.00,6572.00,6720.00,,
36,2021-08-04,55,1057.00,7208218.50,6971.70,6770.10,6820.00,,
37,2021-08-03,56,1188.00,8123974.00,7058.40,6780.00,6835.00,,
38,2021-08-02,108,1993.00,13599016.00,7080.00,6542.00,6920.00,,
39,2021-08-01,116,1700.00,11886968.00,7162.00,6811.00,6927.00,,
40,2021-07-29,99,1635.00,11501049.00,7200.00,6900.00,6950.00,,
41,2021-07-28,294,5238.00,37508960.00,7449.00,7000.00,7061.00,,
42,2021-07-27,388,6646.00,48736149.00,8124.30,6713.00,7160.00,,
43,2021-07-26,76,2717.00,20053877.60,7385.80,6848.60,7385.80,,
44,2021-07-25,64,1307.00,8724680.00,6714.40,6226.00,6714.40,,
45,2021-07-22,52,806.00,4940558.20,6340.00,6023.00,6104.00,,
46,2021-07-20,101,2208.00,13823566.50,6576.00,6170.00,6299.00,,
47,2021-07-19,211,3161.00,19385496.80,6215.00,5640.00,6170.00,,
48,2021-07-18,17,228.00,1297215.00,5800.00,5650.00,5650.00,,
49,2021-07-15,33,622.00,3495440.00,5712.00,5510.00,5600.00,,
50,2021-07-14,7,125.00,700050.00,5605.00,5600.00,5600.00,,
51,2021-07-13,21,316.00,1784900.00,5710.00,5600.00,5680.00,,
52,2021-07-12,40,729.00,4121280.00,5751.00,5600.00,5600.00,,
53,2021-07-11,38,645.00,3651810.00,5750.00,5600.00,5740.00,,
54,2021-07-08,54,783.00,4393745.00,5799.00,5570.00,5600.00,,
55,2021-07-07,23,268.00,1510000.00,5798.00,5572.00,5590.00,,
56,2021-07-06,138,2698.00,16348879.00,6383.00,5685.00,5685.00,,
57,2021-07-05,147,2602.00,14410930.00,5879.00,5150.00,5879.00,,
58,2021-07-04,71,2129.00,11445560.00,5500.00,5299.00,5345.00,,
59,2021-07-01,41,637.00,3493175.00,5600.00,5400.00,5495.00,,
60,2021-06-30,39,836.00,4540436.00,5622.00,5302.00,5500.00,,
61,2021-06-29,32,863.00,4799451.00,5718.00,5512.00,5512.00,,
62,2021-06-28,54,1050.00,6028200.00,5900.00,5606.00,5606.00,,
63,2021-06-27,48,760.00,4314954.00,5916.00,5587.00,5680.00,,
64,2021-06-24,33,546.00,3172580.00,6000.00,5782.00,5800.00,,
65,2021-06-23,36,960.00,5770000.00,6200.00,5881.00,5895.00,,
66,2021-06-22,38,815.00,4878156.00,6242.00,5782.00,6080.00,,
67,2021-06-21,65,1324.00,7864251.00,6120.00,5900.00,5950.00,,
68,2021-06-20,110,1981.00,12157289.00,6324.00,6000.00,6000.00,,
69,2021-06-17,26,416.00,2642596.00,6400.00,6287.00,6287.00,,
70,2021-06-16,64,1511.00,9649745.00,6600.00,6300.00,6376.00,,
71,2021-06-15,94,1572.00,10320156.00,6840.00,6391.00,6600.00,,
72,2021-06-14,40,721.00,4689297.00,6620.00,6460.00,6477.00,,
73,2021-06-13,60,1546.00,10160514.00,6754.00,6500.00,6500.00,,
74,2021-06-10,74,1383.00,9292830.00,6970.00,6620.00,6623.00,,
75,2021-06-09,77,1185.00,8005255.00,7019.00,6550.00,6618.00,,
76,2021-06-08,149,3152.00,20330037.00,6600.00,6370.00,6500.00,,
77,2021-06-07,50,970.00,6445695.00,6730.00,6563.00,6600.00,,
78,2021-06-06,74,1146.00,7742358.00,7315.00,6653.00,6665.00,,
79,2021-06-03,70,2052.00,13776448.00,7041.00,6650.00,6650.00,,
80,2021-06-02,46,819.00,5546223.00,6920.00,6752.00,6706.00,,
81,2021-06-01,44,1468.00,10008936.00,6920.00,6752.00,6820.00,,
82,2021-05-31,61,1385.00,9568981.00,7099.00,6810.00,6889.00,,
83,2021-05-30,97,2766.00,19310845.00,7140.00,6855.00,7000.00,,
84,2021-05-27,98,3020.00,21250091.00,7416.00,6902.00,7000.00,,
85,2021-05-25,162,3667.00,25946927.00,7382.00,6742.00,7050.00,,
86,2021-05-24,140,2845.00,20406415.00,7533.00,6958.00,7097.00,,
87,2021-05-23,264,4809.00,33676943.00,7333.00,6860.00,7100.00,,
88,2021-05-20,114,2416.00,17377165.00,7377.00,7101.00,7112.00,,
89,2021-05-19,222,5936.00,42807289.00,7555.00,6910.00,7380.00,,
90,2021-05-18,252,5657.00,38376300.00,6996.00,6287.00,6996.00,,
91,2021-05-17,187,3642.00,23301768.00,6628.00,6127.00,6360.00,,
92,2021-05-16,304,7645.00,48223002.00,6516.00,5739.00,6479.00,,
93,2021-05-13,388,8719.00,51022922.00,5924.00,5493.00,5924.00,,
94,2021-05-12,303,7181.00,37539817.00,5386.00,4653.00,5386.00,,
95,2021-05-11,81,2671.00,13097177.00,5169.00,4897.00,4897.00,,
96,2021-05-10,22,676.00,3686224.00,5743.00,5441.00,5441.00,,
97,2021-05-09,28,670.00,4059800.00,6381.00,6045.00,6045.00,,
98,2021-05-06,207,7881.00,61565897.00,8208.00,6716.00,6716.00,,
99,2021-05-05,16,220.00,1615110.00,7462.00,6919.00,7462.00,,
100,2021-05-04,23,626.00,4213774.00,6784.00,6291.00,6784.00,,
101,2021-05-03,53,1289.00,7942892.00,6168.00,5888.00,6168.00,,
102,2021-05-02,33,600.00,3308600.00,5608.00,5353.00,5608.00,,
103,2021-04-29,64,2678.00,13649622.00,5099.00,4864.00,5099.00,,
104,2021-04-28,97,3757.00,17404947.00,4636.00,4513.00,4636.00,,
105,2021-04-27,86,4723.00,19875525.00,4215.00,4023.00,4215.00,,
106,2021-04-26,122,5221.00,19935352.00,3832.00,3658.00,3832.00,,
107,2021-04-25,26,1212.00,4218285.00,3484.00,3326.00,3484.00,,
108,2021-04-22,18,555.00,1733590.00,3168.00,3024.00,3168.00,,
109,2021-01-31,43,908.00,2623902.00,3038.00,2850.00,2880.00,,
110,2021-01-28,98,2183.00,6454240.00,3039.00,2900.00,2921.00,,
111,2021-01-27,48,1273.00,3808700.00,3050.00,2940.00,2980.00,,
112,2021-01-26,43,1018.00,3093670.00,3120.00,3000.00,3000.00,,
113,2021-01-25,58,2054.00,6354565.00,3139.00,3000.00,3098.00,,
114,2021-01-24,77,1694.00,5073880.00,3120.00,2950.00,3000.00,,
115,2021-01-21,45,806.00,2529985.00,3198.00,3083.00,3091.00,,
116,2021-01-20,69,2150.00,6881860.00,3275.00,3135.00,3136.00,,
117,2021-01-19,162,4469.00,14799012.00,3393.00,3185.00,3265.00,,
118,2021-01-18,119,3829.00,11405945.00,3085.00,2775.00,3085.00,,
119,2021-01-17,19,550.00,1534875.00,2805.00,2753.00,2805.00,,
120,2021-01-13,11,303.00,843525.00,2815.00,2754.00,2754.00,,
121,2021-01-12,21,750.00,2085167.00,2800.00,2750.00,2764.00,,
122,2021-01-11,18,360.00,999660.00,2830.00,2750.00,2751.00,,
123,2021-01-10,46,1523.00,4265244.00,2917.00,2748.00,2760.00,,
124,2021-01-07,16,531.00,1480945.00,2855.00,2750.00,2805.00,,
125,2021-01-06,24,533.00,1483021.00,2830.00,2760.00,2800.00,,
126,2021-01-05,19,411.00,1155590.00,2898.00,2738.00,2775.00,,
127,2021-01-04,27,785.00,2258720.00,2953.00,2850.00,2850.00,,
128,2021-01-03,89,3845.00,10819140.00,2900.00,2720.00,2840.00,,
129,2020-12-31,48,1146.00,3132769.00,2840.00,2670.00,2670.00,,
130,2020-12-30,27,885.00,2325975.00,2678.00,2548.00,2678.00,,
131,2020-12-29,10,250.00,643340.00,2600.00,2548.00,2548.00,,
132,2020-12-28,10,162.00,418472.00,2591.00,2541.00,2590.00,,
133,2020-12-27,24,550.00,1420410.00,2640.00,2541.00,2541.00,,
134,2020-12-24,4,70.00,188990.00,2702.00,2690.00,2690.00,,
135,2020-12-23,27,500.00,1373600.00,2805.00,2697.00,2700.00,,
136,2020-12-22,35,1099.00,3073630.00,2860.00,2700.00,2750.00,,
137,2020-12-21,36,1020.00,2537430.00,2653.00,2400.00,2653.00,,
138,2020-12-20,58,1309.00,3388790.00,2649.00,2543.00,2548.00,,
139,2020-12-17,61,1607.00,4410490.00,2800.00,2653.00,2700.00,,
140,2020-12-16,48,1376.00,3901551.00,2925.00,2793.00,2793.00,,
141,2020-12-15,58,1606.00,4556727.00,2870.00,2800.00,2800.00,,
142,2020-12-14,54,1826.00,5245505.00,2990.00,2845.00,2899.00,,
143,2020-12-13,19,250.00,723290.00,2958.00,2852.00,2898.00,,
144,2020-12-10,46,1417.00,4085250.00,2975.00,2804.00,2900.00,,
145,2020-12-09,53,1225.00,3557590.00,3050.00,2855.00,2860.00,,
146,2020-12-08,56,1199.00,3713434.00,3300.00,2998.00,3000.00,,
147,2020-12-07,46,1087.00,3323702.00,3183.00,2838.00,3183.00,,
148,2020-12-06,68,1566.00,4600396.00,3127.00,2880.00,2895.00,,
149,2020-12-03,53,1353.00,4368456.00,3489.00,3137.00,3190.00,,
150,2020-12-02,94,2728.00,8796638.00,3429.00,3053.00,3429.00,,
151,2020-12-01,79,2389.00,7829790.00,3500.00,3118.00,3118.00,,
152,2020-11-30,205,7133.00,23439221.00,3669.00,3240.00,3240.00,,
153,2020-11-29,27,655.00,2374890.00,3920.00,3600.00,3600.00,,
154,2020-11-26,95,2396.00,9850505.00,4345.00,3800.00,4000.00,,
155,2020-11-25,107,5522.00,21735790.00,3950.00,3662.00,3950.00,,
156,2020-11-24,115,5535.00,19428308.00,3591.00,3266.00,3591.00,,
157,2020-11-23,93,4877.00,15681587.00,3553.00,3041.00,3266.00,,
158,2020-11-22,148,4468.00,14734065.00,3519.00,3066.00,3230.00,,
159,2020-11-19,19,461.00,1524039.00,3329.00,3150.00,3329.00,,
160,2020-11-18,26,905.00,2731691.00,3027.00,2889.00,3027.00,,
161,2020-11-12,96,6255.00,17060272.00,2752.00,2552.00,2752.00,,
162,2020-11-11,67,3074.00,7554885.00,2502.00,2230.00,2502.00,,
163,2020-11-10,46,1000.00,2308935.00,2400.00,2259.00,2275.00,,
164,2020-11-09,27,1042.00,2448325.00,2392.00,2299.00,2385.00,,
165,2020-11-08,56,2883.00,6601314.00,2392.00,2132.00,2392.00,,
166,2020-11-05,124,3748.00,9737089.00,2757.00,2356.00,2356.00,,
167,2020-11-04,153,5312.00,13637870.00,2575.00,2458.00,2575.00,,
168,2020-11-03,75,2446.00,5719486.00,2341.00,2235.00,2341.00,,
169,2020-11-02,17,295.00,618725.00,2129.00,1940.00,2129.00,,
170,2020-11-01,29,601.00,1149112.00,1936.00,1795.00,1936.00,,
171,2020-10-29,17,820.00,1420460.00,1760.00,1709.00,1760.00,,
172,2020-10-28,7,118.00,201082.00,1708.00,1700.00,1708.00,,
173,2020-10-22,3,80.00,134300.00,1685.00,1675.00,1675.00,,
174,2020-10-21,7,350.00,577520.00,1655.00,1648.00,1652.00,,
175,2020-10-20,7,108.00,182600.00,1739.00,1672.00,1675.00,,
176,2020-10-19,3,70.00,116310.00,1670.00,1640.00,1640.00,,
177,2020-10-15,9,355.00,598160.00,1699.00,1660.00,1660.00,,
178,2020-10-14,9,180.00,302610.00,1715.00,1666.00,1666.00,,
179,2020-10-13,1,10.00,16820.00,1682.00,1682.00,1682.00,,
180,2020-10-12,3,75.00,126228.00,1699.00,1680.00,1680.00,,
181,2020-10-11,6,160.00,268300.00,1700.00,1670.00,1670.00,,
182,2020-10-08,5,90.00,152950.00,1701.00,1694.00,1700.00,,
183,2020-10-07,14,440.00,746410.00,1728.00,1662.00,1728.00,,
184,2020-10-06,8,130.00,215630.00,1662.00,1630.00,1662.00,,
185,2020-10-05,2,20.00,32560.00,1628.00,1628.00,1628.00,,
186,2020-10-04,6,150.00,242890.00,1629.00,1597.00,1597.00,,
187,2020-09-30,1,100.00,162900.00,1629.00,1629.00,1629.00,,
188,2020-09-29,8,105.00,169265.00,1629.00,1599.00,1629.00,,
189,2020-09-28,3,97.00,156419.00,1615.00,1610.00,1610.00,,
190,2020-09-27,10,270.00,434940.00,1635.00,1603.00,1612.00,,
191,2020-09-24,5,94.00,151828.00,1635.00,1611.00,1635.00,,
192,2020-09-23,3,30.00,49120.00,1640.00,1633.00,1640.00,,
193,2020-09-22,9,495.00,833660.00,1700.00,1666.00,1666.00,,
194,2020-09-21,3,50.00,84300.00,1710.00,1680.00,1710.00,,
195,2020-09-17,27,926.00,1529041.00,1712.00,1585.00,1712.00,,
196,2020-09-16,13,674.00,1088920.00,1650.00,1589.00,1650.00,,
197,2020-09-15,6,185.00,297605.00,1621.00,1608.00,1621.00,,
198,2020-09-13,3,100.00,164800.00,1656.00,1640.00,1640.00,,
199,2020-09-10,7,168.00,283772.00,1690.00,1689.00,1689.00,,
200,2020-09-09,11,354.00,574634.00,1656.00,1600.00,1656.00,,
201,2020-09-07,1,121.00,190091.00,1571.00,1571.00,1571.00,,
202,2020-09-06,8,260.00,409184.00,1600.00,1571.00,1571.00,,
203,2020-09-03,1,22.00,35200.00,1600.00,1600.00,1600.00,,
204,2020-09-02,3,150.00,241400.00,1619.00,1590.00,1590.00,,
205,2020-08-31,7,254.00,408856.00,1624.00,1590.00,1590.00,,
206,2020-08-30,3,60.00,95590.00,1595.00,1584.00,1595.00,,
207,2020-08-27,4,80.00,126230.00,1584.00,1553.00,1553.00,,
208,2020-08-26,3,90.00,142070.00,1616.00,1570.00,1616.00,,
209,2020-08-25,3,70.00,111650.00,1595.00,1595.00,1595.00,,
210,2020-08-23,4,85.00,137400.00,1625.00,1605.00,1625.00,,
211,2020-08-20,15,230.00,370345.00,1657.00,1555.00,1624.00,,
212,2020-08-19,4,60.00,92280.00,1560.00,1530.00,1539.00,,
213,2020-08-18,4,100.00,150170.00,1505.00,1500.00,1500.00,,
214,2020-08-16,4,205.00,307580.00,1502.00,1500.00,1500.00,,
215,2020-08-12,8,230.00,349230.00,1540.00,1511.00,1511.00,,
216,2020-08-11,3,30.00,45970.00,1559.00,1510.00,1510.00,,
217,2020-08-10,9,320.00,487000.00,1535.00,1510.00,1535.00,,
218,2020-08-05,3,118.00,181720.00,1540.00,1540.00,1540.00,,
219,2020-08-03,1,20.00,30580.00,1529.00,1529.00,1529.00,,
220,2020-08-02,2,30.00,45320.00,1511.00,1510.00,1511.00,,
221,2020-07-30,6,100.00,154200.00,1551.00,1539.00,1540.00,,
222,2020-07-29,6,650.00,1020020.00,1580.00,1540.00,1540.00,,
223,2020-07-28,11,475.00,743430.00,1590.00,1559.00,1570.00,,
224,2020-07-27,3,50.00,80000.00,1600.00,1600.00,1600.00,,
225,2020-07-26,4,58.00,93000.00,1612.00,1590.00,1590.00,,
226,2020-07-23,1,100.00,158300.00,1583.00,1583.00,1583.00,,
227,2020-07-22,2,20.00,32270.00,1614.00,1613.00,1614.00,,
228,2020-07-21,1,10.00,15830.00,1583.00,1583.00,1583.00,,
229,2020-07-20,1,60.00,96900.00,1615.00,1615.00,1615.00,,
230,2020-07-16,7,333.00,524887.00,1585.00,1549.00,1585.00,,
231,2020-07-15,4,240.00,378300.00,1605.00,1561.00,1561.00,,
232,2020-07-14,3,140.00,222320.00,1608.00,1580.00,1580.00,,
233,2020-07-13,2,20.00,32800.00,1640.00,1640.00,1640.00,,
234,2020-07-09,2,60.00,96480.00,1608.00,1608.00,1608.00,,
235,2020-07-08,1,20.00,32800.00,1640.00,1640.00,1640.00,,
236,2020-07-07,5,170.00,272290.00,1615.00,1570.00,1615.00,,
237,2020-07-06,4,80.00,124560.00,1580.00,1549.00,1549.00,,
238,2020-07-01,2,20.00,31930.00,1612.00,1581.00,1612.00,,
239,2020-06-29,1,10.00,15500.00,1550.00,1550.00,1550.00,,
240,2020-03-19,18,535.00,805300.00,1560.00,1470.00,1528.00,,
241,2020-03-18,13,220.00,356030.00,1660.00,1591.00,1591.00,,
242,2020-03-17,16,330.00,540650.00,1693.00,1595.00,1693.00,,
243,2020-03-16,15,2315.00,3844920.00,1718.00,1660.00,1660.00,,
244,2020-03-15,19,1315.00,2235740.00,1765.00,1665.00,1665.00,,
245,2020-03-12,2,60.00,106940.00,1799.00,1779.00,1799.00,,
246,2020-03-11,12,280.00,496200.00,1814.00,1757.00,1814.00,,
247,2020-03-05,9,410.00,734840.00,1828.00,1731.00,1792.00,,
248,2020-03-04,9,180.00,323130.00,1831.00,1758.00,1758.00,,
249,2020-03-03,8,270.00,497920.00,1867.00,1797.00,1865.00,,
250,2020-03-02,5,110.00,208840.00,1940.00,1864.00,1864.00,,
251,2020-03-01,1,10.00,19790.00,1979.00,1979.00,1979.00,,
252,2020-02-27,35,2682.00,5323852.00,2050.00,1921.00,1941.00,,
253,2020-02-26,48,3034.00,6059590.00,2044.00,1975.00,2030.00,,
254,2020-02-25,18,835.00,1614790.00,2015.00,1868.00,1975.00,,
255,2020-02-24,7,185.00,355755.00,1989.00,1905.00,1905.00,,
256,2020-02-23,47,2817.00,5549170.00,2011.00,1930.00,1950.00,,
257,2020-02-20,24,1187.00,2254500.00,1997.00,1875.00,1897.00,,
258,2020-02-19,10,213.00,390032.00,1848.00,1777.00,1848.00,,
259,2020-02-18,10,210.00,382910.00,1875.00,1803.00,1803.00,,
260,2020-02-17,16,632.00,1143538.00,1840.00,1804.00,1840.00,,
261,2020-02-16,16,690.00,1292328.00,1947.00,1838.00,1840.00,,
262,2020-02-13,25,980.00,1800568.00,1894.00,1801.00,1872.00,,
263,2020-02-12,11,910.00,1631610.00,1829.00,1785.00,1786.00,,
264,2020-02-11,5,363.00,653425.00,1808.00,1774.00,1808.00,,
265,2020-02-10,1,10.00,17750.00,1775.00,1775.00,1775.00,,
266,2020-02-09,4,1100.00,1915800.00,1750.00,1741.00,1741.00,,
267,2020-02-06,10,483.00,852990.00,1775.00,1764.00,1764.00,,
268,2020-02-05,5,120.00,218100.00,1825.00,1800.00,1800.00,,
269,2020-02-04,9,1200.00,2130910.00,1795.00,1759.00,1793.00,,
270,2020-02-03,7,1370.00,2444160.00,1840.00,1775.00,1775.00,,
271,2020-02-02,7,1330.00,2363000.00,1810.00,1764.00,1775.00,,
272,2020-01-30,28,1630.00,2856650.00,1830.00,1729.00,1798.00,,
273,2020-01-29,29,1827.00,3165562.00,1798.00,1700.00,1798.00,,
274,2020-01-28,39,1490.00,2655410.00,1894.00,1755.00,1755.00,,
275,2020-01-27,19,670.00,1199070.00,1897.00,1755.00,1787.00,,
276,2020-01-26,17,1235.00,2238110.00,1850.00,1790.00,1790.00,,
277,2020-01-23,5,380.00,726720.00,1924.00,1863.00,1863.00,,
278,2020-01-22,3,40.00,76420.00,1939.00,1901.00,1901.00,,
279,2020-01-21,20,1052.00,2055278.00,2057.00,1901.00,1939.00,,
280,2020-01-20,53,3531.00,6920319.00,2060.00,1870.00,1870.00,,
281,2020-01-19,48,4020.00,8444760.00,2244.00,2050.00,2060.00,,
282,2020-01-16,39,1874.00,4144230.00,2289.00,2080.00,2142.00,,
283,2020-01-15,81,4600.00,9579328.00,2116.00,1961.00,2116.00,,
284,2020-01-14,45,2164.00,4104429.00,1938.00,1778.00,1924.00,,
285,2020-01-13,18,3203.00,5848409.00,1850.00,1813.00,1813.00,,
286,2020-01-12,20,1325.00,2352140.00,1855.00,1748.00,1850.00,,
287,2020-01-09,7,190.00,346910.00,1856.00,1819.00,1819.00,,
288,2020-01-08,5,140.00,257110.00,1890.00,1800.00,1853.00,,
289,2020-01-07,5,70.00,126660.00,1825.00,1789.00,1824.00,,
290,2020-01-06,3,120.00,227155.00,1900.00,1862.00,1862.00,,
291,2020-01-05,3,40.00,74170.00,1879.00,1846.00,1879.00,,
292,2020-01-02,11,150.00,280450.00,1921.00,1846.00,1882.00,,
293,2020-01-01,46,1950.00,3757258.00,2000.00,1860.00,1960.00,,
294,2019-12-31,48,2831.00,5100137.00,1861.00,1721.00,1824.00,,
295,2019-12-30,3,50.00,84440.00,1692.00,1685.00,1692.00,,
296,2019-12-29,5,70.00,118970.00,1725.00,1680.00,1700.00,,
297,2019-12-26,7,500.00,844460.00,1712.00,1679.00,1680.00,,
298,2019-12-25,4,150.00,259380.00,1746.00,1679.00,1679.00,,
299,2019-12-23,22,526.00,894015.00,1749.00,1600.00,1715.00,,
300,2019-12-22,3,115.00,182375.00,1590.00,1585.00,1590.00,,
301,2019-12-19,19,441.00,710959.00,1654.00,1560.00,1617.00,,
302,2019-12-18,14,256.00,384494.00,1530.00,1418.00,1530.00,,
303,2019-12-15,4,167.00,234997.00,1417.00,1391.00,1391.00,,
304,2019-12-04,1,150.00,208500.00,1390.00,1390.00,1390.00,,
305,2019-11-28,2,110.00,154000.00,1400.00,1400.00,1400.00,,
306,2019-11-26,1,20.00,27820.00,1391.00,1391.00,1391.00,,
307,2019-11-24,3,91.00,130529.00,1447.00,1419.00,1419.00,,
308,2019-11-19,3,160.00,225790.00,1420.00,1392.00,1419.00,,
309,2019-11-18,2,20.00,28680.00,1448.00,1420.00,1448.00,,
310,2019-11-17,1,10.00,13930.00,1393.00,1393.00,1393.00,,
311,2019-10-15,1,10.00,13660.00,1366.00,1366.00,1366.00,,
312,2019-10-14,1,10.00,13660.00,1366.00,1366.00,1366.00,,
313,2019-09-26,2,70.00,99190.00,1421.00,1393.00,1393.00,,
314,2019-09-25,1,42.00,60900.00,1450.00,1450.00,1450.00,,
315,2019-09-24,2,20.00,29280.00,1478.00,1450.00,1478.00,,
316,2019-09-19,2,40.00,56560.00,1435.00,1407.00,1435.00,,
317,2019-09-18,1,20.00,28140.00,1407.00,1407.00,1407.00,,
318,2019-09-17,1,10.00,14070.00,1407.00,1407.00,1407.00,,
319,2019-09-11,1,10.00,13800.00,1380.00,1380.00,1380.00,,
320,2019-09-10,2,135.00,186975.00,1385.00,1385.00,1385.00,,
321,2019-09-10,2,135.00,186975.00,1385.00,1385.00,1385.00,,
322,2019-09-09,2,20.00,28000.00,1414.00,1386.00,1386.00,,
323,2019-08-29,1,10.00,14420.00,1442.00,1442.00,1442.00,,
324,2019-08-25,2,20.00,29400.00,1470.00,1470.00,1470.00,,
325,2019-08-22,4,40.00,61280.00,1555.00,1494.00,1494.00,,
326,2019-08-21,4,118.00,179754.00,1551.00,1496.00,1551.00,,
327,2019-08-20,11,331.00,481481.00,1497.00,1411.00,1467.00,,
328,2019-08-15,4,88.00,119866.00,1389.00,1336.00,1389.00,,
329,2019-08-14,1,40.00,52400.00,1310.00,1310.00,1310.00,,
330,2019-08-12,6,120.00,160870.00,1377.00,1331.00,1331.00,,
331,2019-08-11,4,250.00,350250.00,1405.00,1400.00,1405.00,,
332,2019-08-08,8,450.00,628460.00,1442.00,1392.00,1392.00,,
333,2019-08-07,1,200.00,283200.00,1416.00,1416.00,1416.00,,
334,2019-08-06,2,100.00,144500.00,1450.00,1440.00,1440.00,,
335,2019-08-01,2,80.00,116500.00,1460.00,1450.00,1460.00,,
336,2019-07-31,12,235.00,340780.00,1460.00,1448.00,1460.00,,
337,2019-07-30,2,67.00,97320.00,1460.00,1450.00,1450.00,,
338,2019-07-28,1,10.00,14890.00,1489.00,1489.00,1489.00,,
339,2019-07-25,1,10.00,15190.00,1519.00,1519.00,1519.00,,
340,2019-07-07,2,30.00,46500.00,1550.00,1550.00,1550.00,,
341,2019-07-02,1,10.00,15660.00,1566.00,1566.00,1566.00,,
342,2019-06-26,1,20.00,31940.00,1597.00,1597.00,1597.00,,
343,2019-06-25,1,10.00,15670.00,1567.00,1567.00,1567.00,,
344,2019-06-12,1,10.00,15980.00,1598.00,1598.00,1598.00,,
345,2019-06-11,3,30.00,46990.00,1597.00,1536.00,1597.00,,
346,2019-06-06,11,5014.00,7852304.00,1571.00,1506.00,1506.00,,
347,2019-06-04,1,10.00,15670.00,1567.00,1567.00,1567.00,,
348,2019-06-03,1,10.00,15970.00,1597.00,1597.00,1597.00,,
349,2019-05-29,1,10.00,16280.00,1628.00,1628.00,1628.00,,
350,2019-05-23,2,41.00,67781.00,1661.00,1629.00,1661.00,,
351,2019-05-21,1,10.00,16620.00,1662.00,1662.00,1662.00,,
352,2019-05-19,3,30.00,49890.00,1696.00,1630.00,1630.00,,
353,2019-05-15,12,325.00,561170.00,1765.00,1620.00,1730.00,,
354,2019-05-14,6,100.00,156550.00,1605.00,1544.00,1605.00,,
355,2019-05-13,2,40.00,64600.00,1639.00,1607.00,1607.00,,
356,2019-05-08,1,10.00,16720.00,1672.00,1672.00,1672.00,,
357,2019-04-30,5,70.00,115290.00,1665.00,1640.00,1640.00,,
358,2019-04-29,4,40.00,66330.00,1697.00,1632.00,1697.00,,
359,2019-04-23,5,50.00,82590.00,1698.00,1632.00,1632.00,,
360,2019-04-22,1,10.00,16650.00,1665.00,1665.00,1665.00,,
361,2019-03-21,1,20.00,32660.00,1633.00,1633.00,1633.00,,
362,2019-03-19,1,20.00,33320.00,1666.00,1666.00,1666.00,,
363,2019-03-12,3,60.00,99880.00,1700.00,1637.00,1700.00,,
364,2019-03-11,1,50.00,81850.00,1637.00,1605.00,1637.00,,
365,2019-03-07,1,8.00,12840.00,1605.00,1605.00,1605.00,,
366,2019-03-05,1,20.00,32100.00,1637.00,1605.00,1605.00,,
367,2019-02-21,1,20.00,32740.00,1637.00,1605.00,1637.00,,
368,2019-02-18,2,150.00,243250.00,1661.00,1605.00,1605.00,,
369,2019-02-17,2,150.00,250650.00,1710.00,1661.00,1661.00,,
370,2019-02-13,2,214.00,366136.00,1742.00,1710.00,1710.00,,
371,2019-02-12,1,210.00,365820.00,1742.00,1708.00,1742.00,,
372,2019-02-07,1,220.00,375760.00,1715.00,1708.00,1708.00,,
373,2019-02-06,1,100.00,171500.00,1717.00,1715.00,1715.00,,
374,2019-02-04,2,30.00,51950.00,1774.00,1717.00,1717.00,,
375,2019-02-03,1,50.00,88700.00,1774.00,1740.00,1774.00,,
376,2019-01-31,3,460.00,789150.00,1747.00,1715.00,1740.00,,
377,2019-01-30,1,100.00,174700.00,1782.00,1747.00,1747.00,,
378,2019-01-23,14,1311.00,2266107.00,1782.00,1715.00,1782.00,,
379,2019-01-21,1,10.00,17480.00,1783.00,1748.00,1748.00,,
380,2019-01-20,1,11.00,19613.00,1783.00,1749.00,1783.00,,
381,2019-01-17,9,1250.00,2155730.00,1786.00,1682.00,1749.00,,
382,2019-01-16,6,313.00,570111.00,1859.00,1764.00,1786.00,,
383,2019-01-15,1,10.00,17640.00,1764.00,1730.00,1764.00,,
384,2019-01-10,1,50.00,86500.00,1730.00,1700.00,1730.00,,
385,2019-01-02,1,17.00,28900.00,1717.00,1700.00,1700.00,,
386,2018-12-30,1,10.00,17170.00,1752.00,1717.00,1717.00,,
387,2018-12-27,1,10.00,17520.00,1787.00,1752.00,1752.00,,
388,2018-12-26,6,90.00,156540.00,1787.00,1625.00,1787.00,,
389,2018-12-24,5,292.00,485202.00,1760.00,1625.00,1625.00,,
390,2018-12-20,2,23.00,40597.00,1769.00,1760.00,1760.00,,
391,2018-12-17,1,10.00,17640.00,1800.00,1764.00,1764.00,,
392,2018-12-09,2,30.00,53950.00,1800.00,1774.00,1800.00,,
393,2018-12-04,1,270.00,478980.00,1780.00,1774.00,1774.00,,
394,2018-12-03,1,365.00,649700.00,1794.00,1780.00,1780.00,,
395,2018-12-02,1,1040.00,1865760.00,1794.00,1759.00,1794.00,,
396,2018-11-29,3,1063.00,1906672.00,1800.00,1759.00,1759.00,,
397,2018-11-28,2,1053.00,1895400.00,1800.00,1800.00,1800.00,,
398,2018-11-27,1,1053.00,1895400.00,1800.00,1800.00,1800.00,,
399,2018-11-18,1,20.00,36000.00,1800.00,1790.00,1800.00,,
400,2018-10-22,1,25.00,44750.00,1790.00,1790.00,1790.00,,
401,2018-10-04,1,290.00,524900.00,1810.00,1810.00,1810.00,,
402,2018-10-03,8,1350.00,2420790.00,1835.00,1774.00,1790.00,,
403,2018-10-02,12,2955.00,5067885.00,1740.00,1705.00,1740.00,,
404,2018-10-01,1,15.00,25800.00,1720.00,1720.00,1720.00,,
405,2018-09-30,1,10.00,17200.00,1720.00,1720.00,1720.00,,
406,2018-09-25,2,30.00,51330.00,1733.00,1700.00,1733.00,,
407,2018-09-23,8,1462.00,2401318.00,1710.00,1628.00,1700.00,,
408,2018-09-20,1,20.00,33200.00,1660.00,1660.00,1660.00,,
409,2018-09-18,1,100.00,166000.00,1660.00,1660.00,1660.00,,
410,2018-09-11,1,140.00,232400.00,1660.00,1660.00,1660.00,,
411,2018-09-09,1,20.00,33000.00,1650.00,1650.00,1650.00,,
412,2018-09-06,3,143.00,235815.00,1655.00,1648.00,1655.00,,
413,2018-09-05,3,90.00,148980.00,1681.00,1648.00,1648.00,,
414,2018-08-16,2,50.00,84390.00,1715.00,1681.00,1681.00,,
415,2018-08-14,3,339.00,581872.00,1725.00,1698.00,1725.00,,
416,2018-07-24,2,90.00,149850.00,1665.00,1665.00,1665.00,,
417,2018-07-18,1,47.00,78020.00,1660.00,1660.00,1660.00,,
418,2018-07-17,2,50.00,84650.00,1693.00,1693.00,1693.00,,
419,2018-07-16,2,100.00,166050.00,1661.00,1660.00,1660.00,,
420,2018-07-15,2,27.00,44959.00,1667.00,1662.00,1662.00,,
421,2018-07-12,3,500.00,830000.00,1660.00,1660.00,1660.00,,
422,2018-07-09,1,500.00,835000.00,1670.00,1670.00,1670.00,,
423,2018-07-08,1,50.00,83350.00,1667.00,1667.00,1667.00,,
424,2018-07-05,1,100.00,170000.00,1700.00,1700.00,1700.00,,
425,2018-06-28,1,100.00,170000.00,1700.00,1700.00,1700.00,,
426,2018-06-21,2,80.00,136400.00,1710.00,1700.00,1700.00,,
427,2018-06-13,5,260.00,445560.00,1734.00,1700.00,1734.00,,
428,2018-06-11,1,20.00,34600.00,1730.00,1730.00,1730.00,,
429,2018-06-04,1,50.00,88250.00,1765.00,1765.00,1765.00,,
430,2018-05-31,1,10.00,17990.00,1799.00,1799.00,1799.00,,
431,2018-05-30,4,110.00,195480.00,1800.00,1764.00,1764.00,,
432,2018-05-28,1,30.00,54600.00,1820.00,1820.00,1820.00,,
433,2018-05-24,1,10.00,17900.00,1790.00,1790.00,1790.00,,
434,2018-05-17,9,350.00,614850.00,1779.00,1745.00,1755.00,,
435,2018-05-16,2,47.00,84908.00,1814.00,1779.00,1814.00,,
436,2018-05-15,3,40.00,69470.00,1745.00,1712.00,1745.00,,
437,2018-05-14,3,200.00,336300.00,1685.00,1680.00,1680.00,,
438,2018-05-10,2,50.00,86910.00,1745.00,1711.00,1711.00,,
439,2018-04-29,1,10.00,17800.00,1780.00,1780.00,1780.00,,
440,2018-04-25,3,310.00,556370.00,1807.00,1771.00,1771.00,,
441,2018-04-24,1,10.00,17730.00,1773.00,1773.00,1773.00,,
442,2018-04-23,5,130.00,227370.00,1774.00,1739.00,1739.00,,
443,2018-04-19,3,150.00,271130.00,1810.00,1800.00,1810.00,,
444,2018-04-18,4,176.00,321050.00,1836.00,1800.00,1836.00,,
445,2018-04-17,15,797.00,1429860.00,1820.00,1742.00,1784.00,,
446,2018-04-09,1,10.00,18500.00,1850.00,1850.00,1850.00,,
447,2018-04-08,6,150.00,272180.00,1850.00,1794.00,1850.00,,
448,2018-04-05,2,100.00,177750.00,1795.00,1760.00,1760.00,,
449,2018-04-04,1,910.00,1601600.00,1760.00,1760.00,1760.00,,
450,2018-04-03,3,165.00,286695.00,1760.00,1725.00,1760.00,,
451,2018-03-29,4,1219.00,2188612.00,1798.00,1728.00,1728.00,,
452,2018-03-28,2,60.00,107640.00,1800.00,1764.00,1764.00,,
453,2018-03-27,1,10.00,18180.00,1818.00,1818.00,1818.00,,
454,2018-03-19,1,200.00,371000.00,1855.00,1855.00,1855.00,,
455,2018-03-07,1,30.00,55170.00,1839.00,1839.00,1839.00,,
456,2018-03-06,1,10.00,18030.00,1803.00,1803.00,1803.00,,
457,2018-03-05,7,110.00,188760.00,1768.00,1700.00,1768.00,,
458,2018-03-04,8,120.00,212080.00,1874.00,1687.00,1687.00,,
459,2018-02-28,2,20.00,37860.00,1912.00,1874.00,1874.00,,
460,2018-02-26,1,20.00,39000.00,1950.00,1950.00,1950.00,,
461,2018-02-20,3,200.00,395000.00,1975.00,1975.00,1975.00,,
462,2018-02-15,8,930.00,1856920.00,2011.00,1960.00,2011.00,,
463,2018-02-14,1,10.00,19400.00,1940.00,1940.00,1940.00,,
464,2018-02-12,3,90.00,171380.00,1937.00,1900.00,1937.00,,
465,2018-02-11,1,5.00,9500.00,0.00,0.00,0.00,,
466,2018-02-08,2,20.00,39130.00,1976.00,1937.00,1937.00,,
467,2018-02-07,1,10.00,19380.00,1938.00,1938.00,1938.00,,
468,2018-02-06,2,110.00,212000.00,1930.00,1900.00,1900.00,,
469,2018-02-05,3,70.00,135590.00,1969.00,1931.00,1969.00,,
470,2018-02-04,13,707.00,1415220.00,2050.00,1970.00,1970.00,,
471,2018-02-01,9,550.00,1103250.00,2010.00,2000.00,2010.00,,
472,2018-01-31,9,260.00,512400.00,1990.00,1941.00,1990.00,,
473,2018-01-29,7,357.00,686050.00,1940.00,1885.00,1940.00,,
474,2018-01-28,7,320.00,608640.00,2020.00,1865.00,1865.00,,
475,2018-01-25,28,1942.00,3817316.00,2020.00,1927.00,1988.00,,
476,2018-01-24,6,250.00,470090.00,1890.00,1870.00,1890.00,,
477,2018-01-23,15,745.00,1354520.00,1840.00,1790.00,1840.00,,
478,2018-01-22,30,3640.00,6539560.00,1846.00,1739.00,1846.00,,
479,2018-01-21,10,310.00,541660.00,1760.00,1725.00,1725.00,,
480,2018-01-16,2,100.00,170100.00,1701.00,1701.00,1701.00,,
481,2018-01-10,3,140.00,242300.00,1735.00,1720.00,1735.00,,
482,2018-01-09,5,240.00,417050.00,1745.00,1730.00,1745.00,,
483,2018-01-08,17,1200.00,2075050.00,1730.00,1728.00,1730.00,,
484,2018-01-07,7,526.00,905612.00,1748.00,1702.00,1715.00,,
485,2018-01-04,5,590.00,1012000.00,1720.00,1715.00,1715.00,,
486,2018-01-03,21,3834.00,6517582.00,1749.00,1696.00,1749.00,,
487,2018-01-02,4,70.00,121890.00,1765.00,1731.00,1765.00,,
488,2018-01-01,1,10.00,17640.00,1764.00,1764.00,1764.00,,
489,2017-12-31,3,56.00,97070.00,1747.00,1715.00,1730.00,,
490,2017-12-28,3,51.00,89972.00,1782.00,1750.00,1782.00,,
491,2017-12-26,11,530.00,921840.00,1760.00,1725.00,1725.00,,
492,2017-12-24,2,130.00,231450.00,1781.00,1780.00,1781.00,,
493,2017-12-21,2,30.00,54760.00,1850.00,1813.00,1813.00,,
494,2017-12-19,4,90.00,166350.00,1873.00,1836.00,1836.00,,
495,2017-12-18,5,330.00,609110.00,1847.00,1811.00,1847.00,,
496,2017-12-17,18,815.00,1431880.00,1850.00,1742.00,1776.00,,
497,2017-12-14,2,20.00,37370.00,1887.00,1850.00,1887.00,,
498,2017-12-13,3,33.00,61050.00,1850.00,1850.00,1850.00,,
499,2017-12-12,10,460.00,840970.00,1840.00,1821.00,1821.00,,
500,2017-12-11,1,60.00,111600.00,1860.00,1860.00,1860.00,,
501,2017-12-10,3,138.00,260556.00,1890.00,1887.00,1887.00,,
502,2017-12-06,4,522.00,992670.00,1920.00,1887.00,1887.00,,
503,2017-12-05,8,385.00,734400.00,1916.00,1886.00,1916.00,,
504,2017-12-04,3,150.00,284710.00,1915.00,1896.00,1915.00,,
505,2017-11-29,9,400.00,781600.00,2000.00,1932.00,1932.00,,
506,2017-11-28,9,330.00,632510.00,1935.00,1898.00,1898.00,,
507,2017-11-27,21,870.00,1661080.00,1960.00,1898.00,1898.00,,
508,2017-11-26,19,669.00,1296167.00,2000.00,1922.00,1935.00,,
509,2017-11-23,6,220.00,446810.00,2070.00,2029.00,2030.00,,
510,2017-11-22,12,801.00,1601161.00,2090.00,1961.00,2070.00,,
511,2017-11-21,22,1341.00,2557510.00,2073.00,1855.00,2070.00,,
512,2017-11-20,45,2140.00,4079951.00,1985.00,1885.00,1885.00,,
513,2017-11-16,9,210.00,427000.00,2042.00,2001.00,2022.00,,
514,2017-11-15,6,190.00,394470.00,2121.00,2041.00,2041.00,,
515,2017-11-14,3,70.00,143270.00,2080.00,2029.00,2080.00,,
516,2017-11-12,2,60.00,123950.00,2070.00,2065.00,2070.00,,
517,2017-11-09,8,120.00,248790.00,2107.00,2060.00,2107.00,,
518,2017-11-08,5,100.00,213110.00,2135.00,2129.00,2129.00,,
519,2017-11-07,4,66.00,144313.00,2208.00,2172.00,2172.00,,
520,2017-11-06,4,60.00,130810.00,2209.00,2165.00,2165.00,,
521,2017-11-05,5,100.00,221200.00,2220.00,2205.00,2210.00,,
522,2017-11-02,12,616.00,1322250.00,2178.00,2120.00,2178.00,,
523,2017-10-31,6,150.00,317450.00,2140.00,2100.00,2100.00,,
524,2017-10-30,2,60.00,126270.00,2127.00,2100.00,2100.00,,
525,2017-10-29,5,105.00,225625.00,2170.00,2117.00,2170.00,,
526,2017-10-25,26,783.00,1706898.00,2223.00,2099.00,2200.00,,
527,2017-10-24,9,267.00,559126.00,2140.00,2058.00,2061.00,,
528,2017-10-23,3,70.00,147770.00,2155.00,2100.00,2100.00,,
529,2017-10-22,4,40.00,86220.00,2198.00,2113.00,2198.00,,
530,2017-10-18,23,710.00,1462560.00,2200.00,2002.00,2200.00,,
531,2017-10-17,16,510.00,1079570.00,2175.00,2090.00,2125.00,,
532,2017-10-16,12,447.00,929731.00,2102.00,2040.00,2094.00,,
533,2017-10-15,9,380.00,808110.00,2145.00,2111.00,2144.00,,
534,2017-10-12,8,120.00,256140.00,2172.00,2103.00,2103.00,,
535,2017-10-11,8,270.00,570160.00,2150.00,2100.00,2100.00,,
536,2017-10-10,13,550.00,1137620.00,2075.00,2034.00,2075.00,,
537,2017-10-09,12,264.00,545336.00,2194.00,2000.00,2115.00,,
538,2017-10-08,33,916.00,1883702.00,2219.00,2038.00,2151.00,,
539,2017-10-04,6,130.00,294370.00,2265.00,2264.00,2264.00,,
540,2017-10-03,5,70.00,159250.00,2310.00,2220.00,2310.00,,
541,2017-09-26,53,1903.00,4325525.00,2461.00,2260.00,2265.00,,
542,2017-09-25,20,696.00,1825824.00,2785.00,2511.00,2511.00,,
543,2017-09-24,19,763.00,2208157.00,3030.00,2790.00,2790.00,,
544,2017-09-20,96,6050.00,17227426.00,2971.00,2720.00,2971.00,,
545,2017-09-18,27,1260.00,3398460.00,2701.00,2505.00,2701.00,,
546,2017-09-17,5,50.00,118380.00,2456.00,2277.00,2456.00,,
547,2017-09-14,8,4494.00,9029160.00,2233.00,2000.00,2233.00,,
548,2016-01-14,2,20.00,40700.00,2040.00,2030.00,2030.00,,
549,2016-01-07,5,3707.00,7421410.00,2089.00,2000.00,2000.00,,
550,2016-01-06,2,36.00,77040.00,2149.00,2131.00,2131.00,,
551,2016-01-05,2,88.00,189112.00,2149.00,2149.00,2149.00,,
552,2016-01-03,1,24.00,51600.00,2150.00,2150.00,2150.00,,
553,2015-12-15,1,342.00,720936.00,2108.00,2108.00,2108.00,,
554,2015-08-17,3,50.00,106240.00,2150.00,2108.00,2108.00,,
555,2015-08-02,3,147.00,311388.00,2184.00,2100.00,2184.00,,
556,2015-07-30,1,10.00,21060.00,2106.00,2106.00,2106.00,,
557,2015-07-16,1,186.00,384090.00,2065.00,2065.00,2065.00,,
558,2015-07-15,1,10.00,21070.00,2107.00,2107.00,2107.00,,
559,2015-07-12,1,27.00,58023.00,2149.00,2149.00,2149.00,,
560,2015-07-08,1,30.00,65760.00,2192.00,2192.00,2192.00,,
561,2015-07-05,1,10.00,21920.00,2192.00,2192.00,2192.00,,
562,2015-06-30,1,10.00,22350.00,2235.00,2235.00,2235.00,,
563,2015-06-17,1,46.00,104880.00,2280.00,2280.00,2280.00,,
564,2015-06-16,1,100.00,226000.00,2260.00,2260.00,2260.00,,
565,2015-06-11,3,248.00,565440.00,2280.00,2280.00,2280.00,,
566,2015-06-10,1,100.00,230300.00,2303.00,2303.00,2303.00,,
567,2015-06-07,1,100.00,235000.00,2350.00,2350.00,2350.00,,
568,2015-06-04,5,421.00,977570.00,2390.00,2281.00,2390.00,,
569,2015-06-02,1,10.00,22370.00,2237.00,2237.00,2237.00,,
570,2015-04-12,2,56.00,117450.00,2131.00,2090.00,2131.00,,
571,2015-04-09,2,48.00,98450.00,2055.00,2050.00,2050.00,,
572,2015-04-08,1,100.00,209600.00,2096.00,2096.00,2096.00,,
573,2015-04-07,1,500.00,1027500.00,2055.00,2055.00,2055.00,,
574,2015-04-06,1,10.00,20490.00,2049.00,2049.00,2049.00,,
575,2015-04-05,1,10.00,20090.00,2009.00,2009.00,2009.00,,
576,2015-04-02,1,100.00,197000.00,1970.00,1970.00,1970.00,,
577,2015-03-30,1,760.00,1527600.00,2010.00,2010.00,2010.00,,
578,2015-03-19,1,96.00,192864.00,2009.00,2009.00,2009.00,,
579,2015-03-02,1,300.00,602700.00,2009.00,2009.00,2009.00,,
580,2015-02-24,1,121.00,238370.00,1970.00,1970.00,1970.00,,
581,2015-02-18,1,100.00,197000.00,1970.00,1970.00,1970.00,,
582,2015-02-16,3,915.00,1786600.00,1960.00,1912.00,1960.00,,
583,2015-01-13,1,121.00,226875.00,1875.00,1875.00,1875.00,,
584,2015-01-05,1,10.00,18990.00,1899.00,1899.00,1899.00,,
585,2015-01-01,1,50.00,94500.00,1890.00,1890.00,1890.00,,
586,2014-12-15,1,20.00,37240.00,1862.00,1862.00,1862.00,,
587,2014-12-07,1,95.00,180500.00,1900.00,1900.00,1900.00,,
588,2014-11-20,1,85.00,161500.00,1900.00,1900.00,1900.00,,
589,2014-10-13,1,100.00,193000.00,1930.00,1930.00,1930.00,,
590,2014-09-11,2,50.00,96500.00,1930.00,1930.00,1930.00,,
591,2014-07-17,2,127.00,246763.00,1949.00,1911.00,1949.00,,
592,2014-07-16,2,85.00,166140.00,1989.00,1950.00,1950.00,,
593,2014-07-15,1,10.00,19500.00,1950.00,1950.00,1950.00,,
594,2014-07-01,1,107.00,204584.00,1912.00,1912.00,1912.00,,
595,2014-06-25,3,301.00,582700.00,1950.00,1925.00,1950.00,,
596,2014-06-19,1,80.00,153280.00,1916.00,1916.00,1916.00,,
597,2014-06-15,1,152.00,285760.00,1880.00,1880.00,1880.00,,
598,2014-06-12,3,227.00,435159.00,1917.00,1917.00,1917.00,,
599,2014-06-10,1,408.00,767040.00,1880.00,1880.00,1880.00,,
600,2014-06-08,1,244.00,463112.00,1898.00,1898.00,1898.00,,
601,2014-06-04,4,185.00,354161.00,1936.00,1900.00,1936.00,,
602,2014-05-07,1,10.00,18920.00,1892.00,1892.00,1892.00,,
603,2014-04-29,1,10.00,18550.00,1855.00,1855.00,1855.00,,
604,2014-04-20,2,637.00,1181635.00,1855.00,1855.00,1855.00,,
605,2014-04-17,1,50.00,92750.00,1855.00,1855.00,1855.00,,
606,2014-03-26,1,150.00,283800.00,1892.00,1892.00,1892.00,,
607,2014-03-13,2,40.00,74570.00,1892.00,1855.00,1855.00,,
608,2014-02-20,1,306.00,590580.00,1930.00,1930.00,1930.00,,
609,2014-02-12,2,613.00,1147459.00,1893.00,1856.00,1893.00,,
610,2014-02-09,1,250.00,455000.00,1820.00,1820.00,1820.00,,
611,2014-02-05,1,350.00,647500.00,1850.00,1850.00,1850.00,,
612,2014-02-03,3,623.00,1125467.00,1829.00,1794.00,1829.00,,
613,2014-01-22,2,1000.00,1754000.00,1759.00,1749.00,1759.00,,
614,2014-01-19,2,160.00,274400.00,1715.00,1715.00,1715.00,,
615,2014-01-13,3,378.00,661150.00,1750.00,1749.00,1750.00,,
616,2014-01-06,2,134.00,235052.00,1763.00,1728.00,1728.00,,
617,2014-01-05,5,413.00,722849.00,1763.00,1729.00,1729.00,,
618,2013-12-18,1,100.00,176400.00,1764.00,1764.00,1764.00,,
619,2013-12-10,1,105.00,181650.00,1730.00,1730.00,1730.00,,
620,2013-11-28,1,292.00,512460.00,1755.00,1755.00,1755.00,,
621,2013-10-06,1,30.00,52230.00,1741.00,1741.00,1741.00,,
622,2013-09-22,1,130.00,226330.00,1741.00,1741.00,1741.00,,
623,2013-09-11,1,36.00,63936.00,1776.00,1776.00,1776.00,,
624,2013-07-23,1,10.00,17760.00,1776.00,1776.00,1776.00,,
625,2013-07-16,1,400.00,696800.00,1742.00,1742.00,1742.00,,
626,2013-07-08,1,60.00,104520.00,1742.00,1742.00,1742.00,,
627,2013-06-23,1,100.00,183300.00,1833.00,1833.00,1833.00,,
628,2013-05-23,1,10.00,17990.00,1799.00,1799.00,1799.00,,
629,2013-05-21,1,10.00,17640.00,1764.00,1764.00,1764.00,,
630,2013-04-25,2,20.00,34300.00,1730.00,1700.00,1730.00,,
631,2013-04-23,1,10.00,16720.00,1672.00,1672.00,1672.00,,
632,2013-04-22,1,10.00,16700.00,1670.00,1670.00,1670.00,,
633,2013-04-09,1,20.00,32800.00,1640.00,1640.00,1640.00,,
634,2013-04-01,1,300.00,495000.00,1650.00,1650.00,1650.00,,
635,2013-03-17,1,28.00,46760.00,1670.00,1670.00,1670.00,,
636,2013-03-14,1,80.00,134880.00,1686.00,1686.00,1686.00,,
637,2013-03-13,1,35.00,60200.00,1720.00,1720.00,1720.00,,
638,2013-03-11,1,60.00,101700.00,1695.00,1695.00,1695.00,,
639,2013-03-06,1,145.00,250125.00,1725.00,1725.00,1725.00,,
640,2013-03-05,1,10.00,17600.00,1760.00,1760.00,1760.00,,
641,2013-02-26,1,162.00,289980.00,1790.00,1790.00,1790.00,,
642,2013-02-21,3,564.00,1047167.00,1863.00,1825.00,1825.00,,
643,2013-02-19,2,320.00,608320.00,1901.00,1901.00,1901.00,,
644,2013-02-06,1,10.00,19390.00,1939.00,1939.00,1939.00,,
645,2013-02-05,1,10.00,19010.00,1901.00,1901.00,1901.00,,
646,2013-02-04,1,10.00,18640.00,1864.00,1864.00,1864.00,,
647,2013-01-31,1,10.00,18280.00,1828.00,1828.00,1828.00,,
648,2013-01-23,1,500.00,896500.00,1793.00,1793.00,1793.00,,
649,2013-01-22,1,10.00,17580.00,1758.00,1758.00,1758.00,,
650,2012-12-17,1,100.00,179300.00,1793.00,1793.00,1793.00,,
651,2012-10-07,1,348.00,636492.00,1829.00,1829.00,1829.00,,
652,2012-09-27,1,10.00,18300.00,1830.00,1830.00,1830.00,,
653,2012-09-23,3,30.00,53990.00,1800.00,1799.00,1800.00,,
654,2012-09-20,1,10.00,18000.00,1800.00,1800.00,1800.00,,
655,2012-09-19,1,10.00,18070.00,1807.00,1807.00,1807.00,,
656,2012-09-18,1,50.00,88600.00,1772.00,1772.00,1772.00,,
657,2012-09-17,1,10.00,18080.00,1808.00,1808.00,1808.00,,
658,2012-09-12,2,20.00,35120.00,1773.00,1739.00,1773.00,,
659,2012-08-30,3,30.00,52180.00,1774.00,1705.00,1705.00,,
660,2012-08-29,1,10.00,18100.00,1810.00,1810.00,1810.00,,
661,2012-08-28,1,10.00,18460.00,1846.00,1846.00,1846.00,,
662,2012-08-27,1,10.00,18830.00,1883.00,1883.00,1883.00,,
663,2012-08-26,2,510.00,980100.00,1960.00,1921.00,1921.00,,
664,2012-08-23,1,10.00,20000.00,2000.00,2000.00,2000.00,,
665,2012-08-13,1,10.00,19610.00,1961.00,1961.00,1961.00,,
666,2012-07-31,2,110.00,220100.00,2010.00,2000.00,2000.00,,
667,2012-06-26,1,24.00,49200.00,2050.00,2050.00,2050.00,,
668,2012-06-20,1,100.00,204900.00,2049.00,2049.00,2049.00,,
669,2012-05-10,2,550.00,1129850.00,2058.00,2017.00,2017.00,,
670,2012-04-25,1,500.00,1050000.00,2100.00,2100.00,2100.00,,
671,2012-04-24,2,1492.00,3109748.00,2126.00,2084.00,2084.00,,
672,2012-04-12,1,300.00,650700.00,2169.00,2169.00,2169.00,,
673,2012-04-08,3,530.00,1150520.00,2214.00,2169.00,2169.00,,
674,2012-04-05,2,50.00,112950.00,2259.00,2259.00,2259.00,,
675,2012-04-04,4,309.00,712255.00,2352.00,2259.00,2259.00,,
676,2012-04-03,1,50.00,119950.00,2399.00,2399.00,2399.00,,
677,2012-03-29,1,50.00,119950.00,2399.00,2399.00,2399.00,,
678,2012-03-21,1,690.00,1655310.00,2399.00,2399.00,2399.00,,
679,2012-03-20,5,319.00,763244.00,2401.00,2352.00,2352.00,,
680,2012-03-19,1,690.00,1690500.00,2450.00,2450.00,2450.00,,
681,2012-03-11,1,500.00,1209500.00,2419.00,2419.00,2419.00,,
682,2012-03-04,3,1827.00,4421340.00,2420.00,2420.00,2420.00,,
683,2012-02-29,3,430.00,1061670.00,2469.00,2469.00,2469.00,,
684,2012-02-27,1,98.00,230496.00,2352.00,2352.00,2352.00,,
685,2012-01-11,4,195.00,472375.00,2547.00,2400.00,2400.00,,
686,2012-01-10,4,277.00,742033.00,2760.00,2598.00,2598.00,,
687,2011-12-18,1,100.00,281000.00,2810.00,2810.00,2810.00,,
688,2011-11-13,1,10.00,27560.00,2756.00,2756.00,2756.00,,
689,2011-09-29,2,510.00,1406070.00,2757.00,2757.00,2757.00,,
690,2011-09-13,1,100.00,270300.00,2703.00,2703.00,2703.00,,
691,2011-09-05,1,100.00,265000.00,2650.00,2650.00,2650.00,,
692,2011-06-06,2,210.00,558090.00,2709.00,2655.00,2655.00,,
693,2011-05-31,1,100.00,276400.00,2764.00,2764.00,2764.00,,
694,2011-05-30,2,221.00,624417.00,2877.00,2820.00,2820.00,,
695,2011-05-16,4,40.00,117400.00,2935.00,2935.00,2935.00,,
696,2011-04-21,1,60.00,172680.00,2878.00,2878.00,2878.00,,
697,2011-04-18,1,104.00,305344.00,2936.00,2936.00,2936.00,,
698,2011-03-07,1,500.00,1497500.00,2995.00,2995.00,2995.00,,
699,2011-02-02,2,60.00,180720.00,3012.00,3012.00,3012.00,,
700,2011-02-01,1,54.00,159462.00,2953.00,2953.00,2953.00,,
701,2011-01-05,1,80.00,231680.00,2896.00,2896.00,2896.00,,
702,2011-01-03,2,436.00,1244966.00,2897.00,2840.00,2840.00,,
703,2010-12-15,1,40.00,113640.00,2841.00,2841.00,2841.00,,
704,2010-11-30,1,610.00,1767780.00,2898.00,2898.00,2898.00,,
705,2010-11-23,1,500.00,1421000.00,2842.00,2842.00,2842.00,,
706,2010-11-22,1,500.00,1449500.00,2899.00,2899.00,2899.00,,
707,2010-09-27,2,45.00,132948.00,2978.00,2919.00,2919.00,,
708,2010-09-14,1,10.00,30380.00,3038.00,3038.00,3038.00,,
709,2010-08-31,3,933.00,2892300.00,3100.00,3100.00,3100.00,,
710,2010-08-23,1,119.00,376040.00,3160.00,3160.00,3160.00,,
711,2010-08-04,1,60.00,186300.00,3105.00,3105.00,3105.00,,
712,2010-07-28,1,150.00,465000.00,3100.00,3100.00,3100.00,,
713,2010-07-26,1,500.00,1550000.00,3100.00,3100.00,3100.00,,
714,2010-07-22,1,286.00,869440.00,3040.00,3040.00,3040.00,,
715,2010-07-21,1,324.00,984312.00,3038.00,3038.00,3038.00,,
716,2010-07-18,1,54.00,167400.00,3100.00,3100.00,3100.00,,
717,2010-07-08,2,180.00,557820.00,3100.00,3098.00,3100.00,,
718,2010-07-01,2,76.00,230888.00,3038.00,3038.00,3038.00,,
719,2010-06-28,1,307.00,951700.00,3100.00,3100.00,3100.00,,
720,2010-06-24,1,40.00,124000.00,3100.00,3100.00,3100.00,,
721,2010-06-23,1,500.00,1550000.00,3100.00,3100.00,3100.00,,
722,2010-06-16,1,280.00,868000.00,3100.00,3100.00,3100.00,,
723,2010-06-09,1,500.00,1550000.00,3100.00,3100.00,3100.00,,
724,2010-05-26,2,138.00,431250.00,3125.00,3125.00,3125.00,,
725,2010-05-24,1,104.00,325000.00,3125.00,3125.00,3125.00,,
726,2010-05-19,1,500.00,1532500.00,3065.00,3065.00,3065.00,,
727,2010-05-16,1,400.00,1240000.00,3100.00,3100.00,3100.00,,
728,2010-05-11,6,518.00,1605800.00,3100.00,3100.00,3100.00,,
729,2010-04-29,1,13.00,41106.00,3162.00,3162.00,3162.00,,
730,2010-04-27,1,130.00,403000.00,3100.00,3100.00,3100.00,,
731,2010-04-21,2,987.00,3059700.00,3100.00,3100.00,3100.00,,
732,2010-04-19,1,16.00,49600.00,3100.00,3100.00,3100.00,,
733,2010-04-15,7,800.00,2496000.00,3120.00,3120.00,3120.00,,
734,2010-04-15,7,800.00,2496000.00,3120.00,3120.00,3120.00,,
735,2010-04-15,7,800.00,2496000.00,3120.00,3120.00,3120.00,,
Page 1/11,Page 1/11,Page 1/11,Page 1/11,Page 1/11,Page 1/11,Page 1/11,,,
